ID,SpeciesECV,BM (kg),ECV (cc),AgeECV,Body mass (kg),AgeBM,SpeciesCM,Group,GOL,BBH,XCB,NPH,BPL,ZYB,Taxon used,Taxon,Taxon2,Specie1,Specie2,AgeCC,minCC,maxCC,meanCC
101.0,,,,,,,Pongo pygmaeus,P. pygmaeus,130.7,106.0,96.8,113.9,173.0,164.6,,,,,,,,,
1048.0,,,,,,,Pan troglodytes,P. troglodytes,134.0,90.0,101.0,87.2,144.0,131.0,,,,,,,,,
11.0,,,,,,,Gorilla gorilla,G. gorilla,198.7,100.5,101.0,115.4,199.5,178.1,,,,,,,,,
11362.0,,,,,,,Pan troglodytes,P. troglodytes,131.2,91.3,105.0,85.4,124.7,120.7,,,,,,,,,
11363.0,,,,,,,Pan troglodytes,P. troglodytes,137.2,90.5,102.5,90.3,133.8,134.5,,,,,,,,,
1159.0,,,,,,,Pongo pygmaeus,P. pygmaeus,139.5,92.0,93.5,131.4,190.0,173.2,,,,,,,,,
11780.0,,,,,,,Pan troglodytes,P. troglodytes,126.4,82.3,93.5,83.5,125.8,123.8,,,,,,,,,
11786.0,,,,,,,Pan troglodytes,P. troglodytes,120.0,88.5,92.5,85.0,136.2,118.0,,,,,,,,,
1223.0,,,,,,,Pan troglodytes,P. troglodytes,136.8,88.5,94.5,83.3,125.0,129.7,,,,,,,,,
13201.0,,,,,,,Pan paniscus,P. paniscus,124.3,86.0,100.5,65.9,102.2,109.0,,,,,,,,,
13202.0,,,,,,,Pan paniscus,P. paniscus,125.0,87.0,91.2,72.5,111.3,115.2,,,,,,,,,
14.0,,,,,,,Gorilla gorilla,G. gorilla,157.8,99.8,106.0,106.7,164.0,148.5,,,,,,,,,
1443.0,,,,,,,Pan troglodytes,P. troglodytes,130.0,82.2,92.5,83.5,139.5,132.0,,,,,,,,,
1444.0,,,,,,,Gorilla gorilla,G. gorilla,191.7,98.0,114.0,141.9,205.0,178.2,,,,,,,,,
1467.0,,,,,,,Pongo pygmaeus,P. pygmaeus,115.2,95.1,88.0,79.3,134.5,122.2,,,,,,,,,
15293.0,,,,,,,Pan paniscus,P. paniscus,122.0,89.0,97.5,76.0,117.6,118.7,,,,,,,,,
15294.0,,,,,,,Pan paniscus,P. paniscus,124.5,85.0,89.5,69.2,113.1,112.4,,,,,,,,,
15295.0,,,,,,,Pan paniscus,P. paniscus,124.8,83.5,92.5,80.0,114.0,120.5,,,,,,,,,
15296.0,,,,,,,Pan paniscus,P. paniscus,121.2,88.8,98.0,71.2,107.2,109.6,,,,,,,,,
15350.0,,,,,,,Pan troglodytes,P. troglodytes,140.6,88.6,103.9,83.6,133.6,135.7,,,,,,,,,
1554.0,,,,,,,Pan troglodytes,P. troglodytes,132.5,91.9,100.0,95.9,143.2,135.7,,,,,,,,,
1561.0,,,,,,,Pongo pygmaeus,P. pygmaeus,127.4,91.8,92.5,112.1,170.5,157.1,,,,,,,,,
1562.0,,,,,,,Pongo pygmaeus,P. pygmaeus,132.5,95.0,100.5,93.9,166.0,162.9,,,,,,,,,
1563.0,,,,,,,Pongo pygmaeus,P. pygmaeus,127.8,104.2,98.0,101.8,156.8,154.4,,,,,,,,,
1564.0,,,,,,,Pongo pygmaeus,P. pygmaeus,110.3,90.5,87.0,82.5,137.0,118.2,,,,,,,,,
1565.0,,,,,,,Pongo pygmaeus,P. pygmaeus,113.45,89.9,89.1,88.94999999999999,145.0,127.19999999999999,,,,,,,,,
1648.0,,,,,,,Gorilla gorilla,G. gorilla,193.8,100.0,100.5,122.5,199.0,185.0,,,,,,,,,
1691.0,,,,,,,Gorilla gorilla,G. gorilla,163.6,98.5,103.0,115.2,162.4,141.2,,,,,,,,,
1765.0,,,,,,,Gorilla gorilla,G. gorilla,154.8,100.2,107.0,96.2,152.1,140.4,,,,,,,,,
17664.0,,,,,,,Pan troglodytes,P. troglodytes,138.4,85.9,98.2,81.9,144.2,127.7,,,,,,,,,
1986.0,,,,,,,Pongo pygmaeus,P. pygmaeus,118.7,102.0,99.5,107.5,180.3,161.2,,,,,,,,,
1988.0,,,,,,,Pongo pygmaeus,P. pygmaeus,118.5,90.2,90.5,100.2,142.0,136.5,,,,,,,,,
1989.0,,,,,,,Pongo pygmaeus,P. pygmaeus,114.0,89.0,91.8,78.7,132.0,128.9,,,,,,,,,
1990.0,,,,,,,Pongo pygmaeus,P. pygmaeus,115.2,95.0,84.5,75.7,123.5,119.7,,,,,,,,,
22925.0,,,,,,,Pan troglodytes,P. troglodytes,139.5,85.8,97.9,84.3,141.7,126.7,,,,,,,,,
2298.0,,,,,,,Pan troglodytes,P. troglodytes,136.4,90.6,102.0,90.2,137.3,133.4,,,,,,,,,
23509.0,,,,,,,Pan paniscus,P. paniscus,118.3,83.1,90.3,77.9,105.0,103.7,,,,,,,,,
238.0,,,,,,,Gorilla gorilla,G. gorilla,211.4,106.0,104.5,124.4,197.1,175.1,,,,,,,,,
240.0,,,,,,,Gorilla gorilla,G. gorilla,217.8,104.5,104.5,122.6,194.8,179.5,,,,,,,,,
241.0,,,,,,,Gorilla gorilla,G. gorilla,193.7,105.2,96.0,112.6,183.0,179.4,,,,,,,,,
2488.0,,,,,,,Pan troglodytes,P. troglodytes,135.4,88.1,103.2,90.4,139.5,129.8,,,,,,,,,
250.0,,,,,,,Gorilla gorilla,G. gorilla,182.0,100.5,101.0,122.7,202.8,177.3,,,,,,,,,
251.0,,,,,,,Pan troglodytes,P. troglodytes,134.6,89.1,102.2,92.4,129.5,134.5,,,,,,,,,
252.0,,,,,,,Gorilla gorilla,G. gorilla,185.0,106.0,102.5,110.6,195.8,170.2,,,,,,,,,
25534.0,,,,,,,Pan troglodytes,P. troglodytes,140.2,91.1,104.6,90.1,138.9,137.2,,,,,,,,,
27697.0,,,,,,,Pan troglodytes,P. troglodytes,141.3,90.4,100.2,84.2,137.5,131.7,,,,,,,,,
27698.0,,,,,,,Pan paniscus,P. paniscus,118.2,84.8,89.5,79.4,110.0,105.5,,,,,,,,,
27699.0,,,,,,,Pan paniscus,P. paniscus,125.3,91.0,96.0,74.8,107.1,118.1,,,,,,,,,
286.0,,,,,,,Pan troglodytes,P. troglodytes,143.5,90.8,107.2,96.8,144.0,138.4,,,,,,,,,
29035.0,,,,,,,Pan paniscus,P. paniscus,124.7,88.0,98.0,82.7,108.8,115.9,,,,,,,,,
29036.0,,,,,,,Pan paniscus,P. paniscus,126.3,82.5,97.0,77.2,98.0,110.3,,,,,,,,,
29040.0,,,,,,,Pan paniscus,P. paniscus,129.0,88.0,102.3,74.8,113.5,113.0,,,,,,,,,
29042.0,,,,,,,Pan paniscus,P. paniscus,126.0,87.0,102.5,73.6,102.6,115.2,,,,,,,,,
29045.0,,,,,,,Pan paniscus,P. paniscus,128.0,85.5,100.0,72.1,104.5,112.8,,,,,,,,,
29047.0,,,,,,,Pan paniscus,P. paniscus,128.5,88.0,98.0,72.1,109.2,113.2,,,,,,,,,
29052.0,,,,,,,Pan paniscus,P. paniscus,119.9,82.5,92.0,76.7,107.1,116.3,,,,,,,,,
29060.0,,,,,,,Pan paniscus,P. paniscus,128.9,82.0,98.6,78.5,112.5,108.7,,,,,,,,,
29063.0,,,,,,,Pan paniscus,P. paniscus,122.4,87.3,98.5,78.4,111.3,127.6,,,,,,,,,
29078.0,,,,,,,Pan troglodytes,P. troglodytes,125.4,83.2,100.3,81.4,124.5,122.4,,,,,,,,,
312.0,,,,,,,Pan troglodytes,P. troglodytes,136.6,87.0,100.0,82.4,136.5,126.6,,,,,,,,,
4188.0,,,,,,,Pan troglodytes,P. troglodytes,134.4,90.3,100.9,90.0,131.5,128.6,,,,,,,,,
524.0,,,,,,,Pan troglodytes,P. troglodytes,124.3,84.3,96.5,88.9,132.0,125.7,,,,,,,,,
5288.0,,,,,,,Pan troglodytes,P. troglodytes,136.7,85.2,101.0,87.0,133.8,133.2,,,,,,,,,
5717.0,,,,,,,Pan troglodytes,P. troglodytes,130.3,89.9,95.5,73.6,123.0,121.9,,,,,,,,,
5719.0,,,,,,,Pan troglodytes,P. troglodytes,130.6,85.5,96.8,88.7,136.0,129.5,,,,,,,,,
5720.0,,,,,,,Pan troglodytes,P. troglodytes,136.8,85.2,103.5,90.3,121.0,121.4,,,,,,,,,
5721.0,,,,,,,Pan troglodytes,P. troglodytes,131.1,83.9,101.0,92.6,134.0,140.5,,,,,,,,,
5722.0,,,,,,,Pan troglodytes,P. troglodytes,138.6,87.6,100.5,93.3,138.7,132.6,,,,,,,,,
5891.0,,,,,,,Pan troglodytes,P. troglodytes,138.0,88.5,101.2,82.8,133.9,130.1,,,,,,,,,
5892.0,,,,,,,Pan troglodytes,P. troglodytes,124.1,83.7,98.4,85.3,134.0,116.5,,,,,,,,,
6252.0,,,,,,,Pan troglodytes,P. troglodytes,143.7,97.9,99.8,80.9,138.9,128.3,,,,,,,,,
6253.0,,,,,,,Pan troglodytes,P. troglodytes,127.1,84.1,90.5,78.9,128.2,124.8,,,,,,,,,
6254.0,,,,,,,Pan troglodytes,P. troglodytes,133.4,87.7,102.0,88.6,137.0,127.1,,,,,,,,,
6255.0,,,,,,,Pan troglodytes,P. troglodytes,133.7,82.6,97.5,85.3,138.1,124.1,,,,,,,,,
6256.0,,,,,,,Pan troglodytes,P. troglodytes,132.0,95.8,101.5,78.4,133.4,123.8,,,,,,,,,
6324.0,,,,,,,Pan troglodytes,P. troglodytes,134.5,83.8,99.6,81.4,141.0,131.2,,,,,,,,,
6504.0,,,,,,,Gorilla gorilla,G. gorilla,186.2,106.0,106.8,110.9,202.1,176.9,,,,,,,,,
6533.0,,,,,,,Pan troglodytes,P. troglodytes,130.4,87.5,98.8,75.3,130.2,123.2,,,,,,,,,
6592.0,,,,,,,Gorilla gorilla,G. gorilla,164.3,98.0,105.0,112.7,175.0,140.4,,,,,,,,,
6593.0,,,,,,,Gorilla gorilla,G. gorilla,163.1,100.8,98.8,98.0,164.0,140.2,,,,,,,,,
6594.0,,,,,,,Gorilla gorilla,G. gorilla,152.8,93.5,103.0,99.3,143.5,135.2,,,,,,,,,
6595.0,,,,,,,Gorilla gorilla,G. gorilla,152.7,94.0,97.5,115.5,169.5,150.4,,,,,,,,,
6596.0,,,,,,,Gorilla gorilla,G. gorilla,148.7,101.0,102.5,100.6,148.2,141.1,,,,,,,,,
6599.0,,,,,,,Gorilla gorilla,G. gorilla,173.9,104.5,104.5,126.8,177.0,164.6,,,,,,,,,
6600.0,,,,,,,Gorilla gorilla,G. gorilla,148.7,93.0,103.2,100.4,155.0,143.3,,,,,,,,,
6601.0,,,,,,,Gorilla gorilla,G. gorilla,151.9,92.2,103.5,107.8,159.0,149.1,,,,,,,,,
6602.0,,,,,,,Gorilla gorilla,G. gorilla,214.1,102.2,99.5,122.5,200.0,173.1,,,,,,,,,
6603.0,,,,,,,Gorilla gorilla,G. gorilla,214.2,108.5,102.0,140.6,198.0,181.8,,,,,,,,,
6605.0,,,,,,,Pan troglodytes,P. troglodytes,136.4,87.8,100.0,72.2,138.0,133.4,,,,,,,,,
6606.0,,,,,,,Pan troglodytes,P. troglodytes,138.2,92.9,95.5,90.7,146.5,133.1,,,,,,,,,
6607.0,,,,,,,Pan troglodytes,P. troglodytes,130.6,85.9,90.2,83.9,137.5,115.2,,,,,,,,,
6608.0,,,,,,,Pan troglodytes,P. troglodytes,126.7,88.5,95.5,82.1,133.5,113.7,,,,,,,,,
6676.0,,,,,,,Gorilla gorilla,G. gorilla,163.3,94.2,99.0,106.3,157.8,147.7,,,,,,,,,
6699.0,,,,,,,Gorilla gorilla,G. gorilla,157.6,101.2,99.5,115.7,163.2,150.8,,,,,,,,,
6839.0,,,,,,,Pan troglodytes,P. troglodytes,126.9,89.1,95.0,88.8,137.0,133.2,,,,,,,,,
6840.0,,,,,,,Gorilla gorilla,G. gorilla,152.0,100.2,98.0,96.6,156.0,136.2,,,,,,,,,
6871.0,,,,,,,Pan troglodytes,P. troglodytes,132.9,82.9,94.9,81.8,129.0,127.5,,,,,,,,,
6873.0,,,,,,,Pan troglodytes,P. troglodytes,134.5,90.5,101.0,92.7,142.0,122.4,,,,,,,,,
7004/7003,,,,,,,Pan troglodytes,P. troglodytes,130.1,94.8,102.7,82.5,140.3,125.2,,,,,,,,,
7008.0,,,,,,,Pan troglodytes,P. troglodytes,130.0,88.8,100.8,96.7,133.8,122.7,,,,,,,,,
7078.0,,,,,,,Pan troglodytes,P. troglodytes,126.2,90.3,100.0,89.8,141.0,122.4,,,,,,,,,
7118.0,,,,,,,Gorilla gorilla,G. gorilla,154.7,99.5,102.5,109.6,165.8,147.4,,,,,,,,,
7127.0,,,,,,,Pan troglodytes,P. troglodytes,130.2,89.3,87.5,84.1,133.5,114.9,,,,,,,,,
730.0,,,,,,,Pan troglodytes,P. troglodytes,133.5,91.6,100.8,76.7,129.5,134.3,,,,,,,,,
7398.0,,,,,,,Pongo pygmaeus,P. pygmaeus,127.5,98.0,94.0,105.9,175.5,164.2,,,,,,,,,
7426.0,,,,,,,Pan troglodytes,P. troglodytes,136.8,91.9,98.3,74.8,144.2,125.7,,,,,,,,,
760.0,,,,,,,Gorilla gorilla,G. gorilla,172.4,104.0,107.5,121.5,206.2,176.0,,,,,,,,,
7688.0,,,,,,,Pan troglodytes,P. troglodytes,130.7,90.5,97.0,93.7,137.0,118.0,,,,,,,,,
7691.0,,,,,,,Pan troglodytes,P. troglodytes,135.5,85.0,96.0,80.9,136.0,123.5,,,,,,,,,
7989.0,,,,,,,Pan troglodytes,P. troglodytes,132.8,90.4,93.0,80.4,130.6,119.9,,,,,,,,,
7993.0,,,,,,,Pan troglodytes,P. troglodytes,132.8,86.3,96.5,92.0,142.4,129.4,,,,,,,,,
8.0,,,,,,,Gorilla gorilla,G. gorilla,198.8,106.5,95.0,123.1,208.6,171.3,,,,,,,,,
84-036M-02,,,,,,,Pan paniscus,P. paniscus,128.2,88.4,100.5,75.0,115.0,126.7,,,,,,,,,
84-036M-04,,,,,,,Pan paniscus,P. paniscus,123.3,87.4,96.8,77.9,101.6,105.6,,,,,,,,,
917.0,,,,,,,Gorilla gorilla,G. gorilla,174.7,100.0,104.0,118.7,180.5,163.0,,,,,,,,,
9931.0,,,,,,,Pan troglodytes,P. troglodytes,133.4,84.9,96.0,77.4,139.0,116.0,,,,,,,,,
AL 128 - 1,,,,,39.5063551959163,3100000.0,,,,,,,,,,,,,,,,,
AL 129 - 1,,,,,35.0635895161257,3100000.0,,,,,,,,,,,,,,,,,
AL 137 - 48a,,,,,31.7418955499271,3100000.0,,,,,,,,,,,,,,,,,
AL 288- I,,,,,28.0049898379537,3300000.0,,,,,,,,,,,,,,,,,
AL 288-1 (Lucy),,,,,,,,,,,,,,,af,af,af,Australopithecus afarensis,A. afarensis,3200.0,395.0,,395.0
AL 333 - 106,,,,,28.1710745362636,3300000.0,,,,,,,,,,,,,,,,,
AL 333 - 107,,,,,39.6309187196488,3300000.0,,,,,,,,,,,,,,,,,
AL 333 - 14,,,,,57.0698120421915,3300000.0,,,,,,,,,,,,,,,,,
AL 333 - 26,,,,,58.8967437236007,3300000.0,,,,,,,,,,,,,,,,,
AL 333 - 40,,,,,77.5812722834679,3100000.0,,,,,,,,,,,,,,,,,
AL 333 - 42,,,,,53.2083428064856,3300000.0,,,,,,,,,,,,,,,,,
AL 333 - 56,,,,,57.3604602642339,3300000.0,,,,,,,,,,,,,,,,,
AL 333 - 7,,,,,57.0698120421915,3300000.0,,,,,,,,,,,,,,,,,
AL 333 - 95,,,,,69.6922491137462,3100000.0,,,,,,,,,,,,,,,,,
AL 333 - 96,,,,,36.5998729754926,3300000.0,,,,,,,,,,,,,,,,,
AL 333 -3,,,,,73.2630701274097,3300000.0,,,,,,,,,,,,,,,,,
AL 333 -4,,,,,50.3018605860618,3300000.0,,,,,,,,,,,,,,,,,
AL 444-2,Australopithecus afarensis,76.0 ,500 ,3200000.0,,,Australopithecus afarensis,Australopitecine,167.0,102.0,122.0,100.0,145.0,167.0,,,,,,,,,
AL162-28,,,,,,,,,,,,,,,af,af,af,Australopithecus afarensis,A. afarensis,3200.0,383.3333333333333,400.0,387.5
AL211- 1,,,,,69.1109526696614,3100000.0,,,,,,,,,,,,,,,,,
AL322- 1,,,,,46.5649548740884,3100000.0,,,,,,,,,,,,,,,,,
AL333-105 (5 year old),,,,,,,,,,,,,,,af,af,af,Australopithecus afarensis,A. afarensis,3200.0,315.0,320.0,317.5
AL333-105 (adult),,,,,,,,,,,,,,,af,af,af,Australopithecus afarensis,A. afarensis,3200.0,365.0,,365.0
AL333-45,,,,,,,,,,,,,,,af,af,af,Australopithecus afarensis,A. afarensis,3200.0,490.0,500.0,492.5
AL333-6,,,,,44.9041078909891,3400000.0,,,,,,,,,,,,,,,,,
AL444-2,,,,,,,,,,,,,,,af,af,af,Australopithecus afarensis,A. afarensis,2950.0,500.0,,500.0
AM10167,,,,,,,Pan troglodytes,P. troglodytes (juvenile/infant),132.2,92.5,104.5,65.5,109.0,100.5,,,,,,,,,
AM5686,,,,,,,Pan troglodytes,P. troglodytes (juvenile/infant),136.0,95.0,104.0,76.7,121.0,127.5,,,,,,,,,
AM5687,,,,,,,Pan troglodytes,P. troglodytes (juvenile/infant),131.9,89.0,96.0,71.3,126.0,116.0,,,,,,,,,
ARA-VP 7/2,,,,,42.2882738926077,4400000.0,,,,,,,,,,,,,,,,,
AS1188,,,,,,,Pan troglodytes,P. troglodytes (juvenile/infant),123.6,87.6,97.2,59.3,105.0,108.3,,,,,,,,,
AS1761,,,,,,,Pan troglodytes,P. troglodytes (juvenile/infant),118.5,84.0,96.0,75.8,111.5,102.9,,,,,,,,,
Abri Lafaye,,,,,,,Homo sapiens,AMH (Pleistocene),187.0,134.0,135.0,69.0,103.0,132.0,,,,,,,,,
Abri Pataud,,,,,,,Homo sapiens,AMH (Pleistocene),183.0,130.0,138.0,66.0,101.0,132.0,,,,,,,,,
Ain Maarouf I,,,,,46.8556030961308,500000.0,,,,,,,,,,,,,,,,,
Amud 1,,,,,76.9999758393831,21000.0,,,,,,,,,n,n,n,Neandertal,Neandertal,51.0,1745.0,,1745.0
And1,,,,,,,Homo sapiens,AMH,168.0,132.0,134.0,58.0,93.0,121.0,,,,,,,,,
And10,,,,,,,Homo sapiens,AMH,167.0,124.0,139.0,60.0,91.0,121.0,,,,,,,,,
And11,,,,,,,Homo sapiens,AMH,178.0,133.0,141.0,62.0,100.0,132.0,,,,,,,,,
And12,,,,,,,Homo sapiens,AMH,166.0,129.0,134.0,64.0,89.0,120.0,,,,,,,,,
And13,,,,,,,Homo sapiens,AMH,162.0,127.0,136.0,57.0,90.0,122.0,,,,,,,,,
And14,,,,,,,Homo sapiens,AMH,160.0,127.0,135.0,62.0,89.0,125.0,,,,,,,,,
And15,,,,,,,Homo sapiens,AMH,151.0,118.0,125.0,57.0,85.0,118.0,,,,,,,,,
And16,,,,,,,Homo sapiens,AMH,159.0,131.0,133.0,52.0,89.0,123.0,,,,,,,,,
And17,,,,,,,Homo sapiens,AMH,161.0,122.0,131.0,54.0,90.0,119.0,,,,,,,,,
And18,,,,,,,Homo sapiens,AMH,159.0,122.0,125.0,56.0,93.0,112.0,,,,,,,,,
And19,,,,,,,Homo sapiens,AMH,164.0,123.0,133.0,63.0,96.0,119.0,,,,,,,,,
And2,,,,,,,Homo sapiens,AMH,161.0,128.0,135.0,60.0,94.0,124.0,,,,,,,,,
And20,,,,,,,Homo sapiens,AMH,159.0,127.0,134.0,52.0,89.0,114.0,,,,,,,,,
And21,,,,,,,Homo sapiens,AMH,159.0,118.0,136.0,59.0,95.0,124.0,,,,,,,,,
And22,,,,,,,Homo sapiens,AMH,158.0,125.0,130.0,57.0,91.0,114.0,,,,,,,,,
And23,,,,,,,Homo sapiens,AMH,156.0,123.0,131.0,56.0,93.0,117.0,,,,,,,,,
And24,,,,,,,Homo sapiens,AMH,158.0,125.0,134.0,55.0,87.0,116.0,,,,,,,,,
And25,,,,,,,Homo sapiens,AMH,155.0,119.0,130.0,57.0,91.0,119.0,,,,,,,,,
And26,,,,,,,Homo sapiens,AMH,154.0,119.0,118.0,54.0,86.0,117.0,,,,,,,,,
And27,,,,,,,Homo sapiens,AMH,167.0,130.0,132.0,61.0,89.0,119.0,,,,,,,,,
And28,,,,,,,Homo sapiens,AMH,162.0,126.0,127.0,57.0,88.0,118.0,,,,,,,,,
And29,,,,,,,Homo sapiens,AMH,156.0,122.0,130.0,55.0,89.0,119.0,,,,,,,,,
And3,,,,,,,Homo sapiens,AMH,165.0,124.0,133.0,61.0,93.0,126.0,,,,,,,,,
And30,,,,,,,Homo sapiens,AMH,156.0,117.0,129.0,56.0,91.0,106.0,,,,,,,,,
And31,,,,,,,Homo sapiens,AMH,159.0,123.0,132.0,58.0,91.0,126.0,,,,,,,,,
And32,,,,,,,Homo sapiens,AMH,174.0,135.0,146.0,59.0,90.0,122.0,,,,,,,,,
And33,,,,,,,Homo sapiens,AMH,161.0,126.0,129.0,59.0,95.0,125.0,,,,,,,,,
And34,,,,,,,Homo sapiens,AMH,164.0,119.0,137.0,55.0,89.0,118.0,,,,,,,,,
And35,,,,,,,Homo sapiens,AMH,171.0,136.0,128.0,61.0,94.0,118.0,,,,,,,,,
And36,,,,,,,Homo sapiens,AMH,164.0,131.0,132.0,60.0,92.0,127.0,,,,,,,,,
And37,,,,,,,Homo sapiens,AMH,170.0,132.0,137.0,59.0,92.0,116.0,,,,,,,,,
And38,,,,,,,Homo sapiens,AMH,168.0,132.0,134.0,58.0,93.0,121.0,,,,,,,,,
And4,,,,,,,Homo sapiens,AMH,163.0,124.0,135.0,58.0,94.0,123.0,,,,,,,,,
And5,,,,,,,Homo sapiens,AMH,169.0,131.0,133.0,56.0,92.0,120.0,,,,,,,,,
And6,,,,,,,Homo sapiens,AMH,169.0,126.0,135.0,62.0,96.0,126.0,,,,,,,,,
And7,,,,,,,Homo sapiens,AMH,171.0,137.0,140.0,63.0,92.0,125.0,,,,,,,,,
And8,,,,,,,Homo sapiens,AMH,168.0,131.0,132.0,64.0,96.0,122.0,,,,,,,,,
And9,,,,,,,Homo sapiens,AMH,165.0,125.0,137.0,61.0,91.0,121.0,,,,,,,,,
Arago 21 (XXI & XLVII),,,,,,,,,,,,,,,ahs,ahs. hs. hhei,ahs. hs. hhei,Archaic Homo sapiens,Archaic Homo sapiens,400.0,1122.0,1200.0,1138.6666666666667
Arago 44,,,,,71.7683078426203,400000.0,,,,,,,,,,,,,,,,,
Arago XLVIII,,,,,47.9351536351453,400000.0,,,,,,,,,,,,,,,,,
Arene Candide 1,,,,,70.3565879069859,11500.0,,,,,,,,,hs,hs,hs,Homo sapiens,Homo sapiens,11.0,1414.0,,1414.0
Arene Candide 1-IP,,,,,76.044988824101,21000.0,,,,,,,,,hs,hs,hs,Homo sapiens,Homo sapiens,19.0,1490.0,,1490.0
Arene Candide 10,,,,,73.0139430799448,11500.0,,,,,,,,,,,,,,,,,
Arene Candide 12,,,,,72.59873133417,11500.0,,,,,,,,,,,,,,,,,
Arene Candide 13,,,,,57.4850237879663,11500.0,,,,,,,,,,,,,,,,,
Arene Candide 14,,,,,59.8517307388828,11500.0,,,,,,,,,,,,,,,,,
Arene Candide 2,,,,,72.0174348900852,11500.0,,,,,,,,,hs,hs,hs,Homo sapiens,Homo sapiens,11.0,1424.0,,1424.0
Arene Candide 4,,,,,75.6297770783262,11500.0,,,,,,,,,hs,hs,hs,Homo sapiens,Homo sapiens,11.0,1520.0,,1520.0
Arene Candide 5,,,,,73.0139430799448,11500.0,,,,,,,,,hs,hs,hs,Homo sapiens,Homo sapiens,11.0,1661.0,,1661.0
Atapuerca 4 (AT 600),,,,,,,,,,,,,,,hhei,ahs. hhei,ahs. hhei,Homo heidelbergensis,H. heidelbergensis,300.0,1390.0,,1390.0
Atapuerca 5 (AT 700),,,,,,,,,,,,,,,hhei,ahs. hhei,ahs. hhei,Homo heidelbergensis,H. heidelbergensis,300.0,1125.0,,1125.0
Atapuerca 6 (11-14 year old),,,,,,,,,,,,,,,hhei,ahs. hhei,ahs. hhei,Homo heidelbergensis,H. heidelbergensis,300.0,1153.3333333333333,,1153.3333333333333
BC1745,,,,,22.8978853649233,5100000.0,,,,,,,,,,,,,,,,,
BOU-VP-12/130,,,,,,,,,,,,,,,ag,ag,ag,Australopithecus garhi,A. garhi,2500.0,450.0,,450.0
BOU-VP-16/1,,,,,,,Homo sapiens,AMH (Pleistocene),219.5,147.5,155.0,79.0,111.0,142.0,,,,,,,,,
Baousse de Torre 2,,,,,83.2281520260055,21000.0,,,,,,,,,,,,,,,,,
Baousso de Torre 1,,,,,137.91153894455,21000.0,,,,,,,,,,,,,,,,,
Baousso de Torre 2,,,,,111.213423691229,21000.0,,,,,,,,,,,,,,,,,
Baousso de Torre1,,,,,132.389222725745,60000.0,,,,,,,,,,,,,,,,,
Baousso de Torre2,,,,,103.44896404524,60000.0,,,,,,,,,,,,,,,,,
Barma Grande 2,AMH (Upper Pleistocene),79.8 ,1814 ,25000.0,,,Homo sapiens,AMH (Pleistocene),205.0,158.0,142.0,72.3,107.1,143.5,hs,hs,hs,Homo sapiens,Homo sapiens,19.0,1814.0,,1814.0
Barna Grande 1,,,,,135.544831993634,21000.0,,,,,,,,,,,,,,,,,
Barna Grande 2,,,,,95.4353773517854,21000.0,,,,,,,,,,,,,,,,,
Barna Grande 3,,,,,68.2805291781118,21000.0,,,,,,,,,,,,,,,,,
Barna Grande 4,,,,,75.9204253003686,21000.0,,,,,,,,,,,,,,,,,
Barna Grande 5,,,,,104.985247504606,21000.0,,,,,,,,,,,,,,,,,
Biache,,,,,,,,,,,,,,,n,n,n,Neandertal,Neandertal,178.0,1200.0,,1200.0
Bichon 1,,,,,64.1284117203635,11500.0,,,,,,,,,,,,,,,,,
Bodo,,,,,,,,,,,,,,,ahs,ahs. hhei,ahs. hhei,Archaic Homo sapiens,Archaic Homo sapiens,600.0,1275.0,,1275.0
Border Cave 1 (Ingwavuma 1),,,,,,,,,,,,,,,hs,hs,hs,Homo sapiens,Homo sapiens,72.0,1478.5,,1478.5
Boskop,,,,,,,,,,,,,,,hs,hs,hs,Homo sapiens,Homo sapiens,20.0,1729.857142857143,1700.0,1734.857142857143
Boxgrove 1,,,,,79.0760345682572,500000.0,,,,,,,,,,,,,,,,,
Brno (female),,,,,,,,,,,,,,,hs,hs,hs,Homo sapiens,Homo sapiens,18.0,1250.0,,1250.0
Brno 1,,,,,,,,,,,,,,,hs,hs,hs,Homo sapiens,Homo sapiens,18.0,1600.0,,1600.0
Brno 2,,,,,,,,,,,,,,,hs,hs,hs,Homo sapiens,Homo sapiens,18.0,1543.0,,1543.0
Broken Hill 1 (Kabwe. Rhodesian),,,,,,,,,,,,,,,ahs,he. n-hs. ahs. hs. hhei,he. n-hs. ahs. hs. hhei,Archaic Homo sapiens,Archaic Homo sapiens,350.0,1310.0,,1310.0
Broken Hill E689,,,,,54.7446262658525,300000.0,,,,,,,,,,,,,,,,,
Broken Hill E690,,,,,38.3852834823243,300000.0,,,,,,,,,,,,,,,,,
Broken Hill E691,,,,,58.4815319778259,300000.0,,,,,,,,,,,,,,,,,
Broken Hill E719,,,,,67.4501056865621,300000.0,,,,,,,,,,,,,,,,,
Broken Hill E793,,,,,42.828049162115,300000.0,,,,,,,,,,,,,,,,,
Broken Hill E907,,,,,65.2494834339555,300000.0,,,,,,,,,,,,,,,,,
Brun24,,,,,48.5164500792301,60000.0,,,,,,,,,,,,,,,,,
Bruniquel 2,,,,,65.374046957688,11500.0,,,,,,,,,hs,hs,hs,Homo sapiens,Homo sapiens,12.0,1555.0,,1555.0
Bruniquel24,,,,,59.8517307388828,21000.0,,,,,,,,,,,,,,,,,
Cap Blanc 1,,,,,,,,,,,,,,,hs,hs,hs,Homo sapiens,Homo sapiens,12.0,1434.0,,1434.0
Cap Blanc1,,,,,63.3187488161026,16250.0,,,,,,,,,,,,,,,,,
Cap-Blanc,,,,,,,Homo sapiens,AMH (Pleistocene),186.0,138.0,142.0,75.0,101.0,138.0,,,,,,,,,
Cape Flats,,,,,,,,,,,,,,,hs,hs,hs,Homo sapiens,Homo sapiens,15.0,1230.0,,1230.0
Cav1,,,,,78.8269075207923,60000.0,,,,,,,,,,,,,,,,,
Caviglione 1,,,,,80.96524801153271,21000.0,,,,,,,,,,,,,,,,,
Ceprano,,,,,,,,,,,,,,,ahs,late he. ahs,late he. ahs,Archaic Homo sapiens,Archaic Homo sapiens,700.0,1185.0,,1185.0
Chancelade,,,,,67.3255421628297,21000.0,Homo sapiens,AMH (Pleistocene),194.0,148.5,137.5,77.2,105.0,138.5,,,,,,,,,
Chancelade 1,,,,,,,,,,,,,,,hs,hs,hs,Homo sapiens,Homo sapiens,13.0,1647.5,,1647.5
Chesowanja 1 (Baringo),,,,,,,,,,,,,,,ar,ar,ar,Australopithecus robustus,A. robustus,1550.0,540.0,,540.0
Cohuna,,,,,,,,,,,,,,,hs,hs,hs,Homo sapiens,Homo sapiens,10.0,1355.0,,1355.0
Combe Capelle,,,,,,,Homo sapiens,AMH (Pleistocene),202.0,138.5,134.0,79.4,99.5,137.0,hs,hs,hs,Homo sapiens,Homo sapiens,25.0,1440.0,,1440.0
Combe-Capelle,,,,,64.0038481966311,21000.0,,,,,,,,,,,,,,,,,
Continenza 1,,,,,72.59873133417,11500.0,,,,,,,,,,,,,,,,,
Cro Magnon3,,,,,97.3453513823496,21000.0,,,,,,,,,,,,,,,,,
Cro-Magnon 1,,,,,66.7857668933224,60000.0,,,,,,,,,hs,hs,hs,Homo sapiens,Homo sapiens,30.0,1615.8,,1615.8
Cro-Magnon 2,,,,,,,,,,,,,,,hs,hs,hs,Homo sapiens,Homo sapiens,30.0,1402.0,,1402.0
Cro-Magnon 3,,,,,,,,,,,,,,,hs,hs,hs,Homo sapiens,Homo sapiens,30.0,1730.0,,1730.0
Cro-Magnon 4293,,,,,66.3705551475476,60000.0,,,,,,,,,,,,,,,,,
Cro-Magnon 4297,,,,,72.3080831121276,60000.0,,,,,,,,,,,,,,,,,
Cro-Magnon 4315,,,,,70.107460859521,60000.0,,,,,,,,,,,,,,,,,
Cro-Magnon 4317,,,,,58.8967437236007,60000.0,,,,,,,,,,,,,,,,,
Cro-Magnon 4321,,,,,58.4815319778259,60000.0,,,,,,,,,,,,,,,,,
Cro-Magnon 4322,,,,,69.9413761612111,60000.0,,,,,,,,,,,,,,,,,
Cro-Magnon 4330,,,,,64.7097081644483,60000.0,,,,,,,,,,,,,,,,,
Cro-Magnon I,AMH (Upper Pleistocene),69.0 ,1616 ,28000.0,,,Homo sapiens,AMH (Pleistocene),202.5,132.5,149.5,70.0,102.2,140.5,,,,,,,,,
D 2282,,,,,,,Homo georgicus / H. habilis s.l.,Extinct Homo,163.0,92.0,116.0,81.0,110.0,130.0,,,,,,,,,
D 2700,,,,,,,Homo georgicus / H. habilis s.l.,Extinct Homo,155.0,100.0,117.0,63.0,100.0,116.0,,,,,,,,,
D3444,,,,,,,Homo georgicus / H. habilis s.l.,Extinct Homo,163.0,107.0,122.0,63.0,93.8,126.7,,,,,,,,,
D4500,Homo georgicus / H. habilis s.l.,48.5 ,546 ,1815000.0,,,Homo georgicus / H. habilis s.l.,Extinct Homo,165.0,92.0,109.0,73.0,127.0,149.0,,,,,,,,,
DNH 7,,,,,,,Paranthropus robustus,Australopitecine,140.5,88.8,89.3,71.2,98.0,112.7,,,,,,,,,
DUNUC 2404,,,,,,,Pan troglodytes,P. troglodytes (juvenile/infant),105.5,77.3,87.2,52.1,80.4,79.8,,,,,,,,,
Dali 1 (Ta-li),,,,,,,,,,,,,,,ahs,he. he-n. ahs. hs,he. he-n. ahs. hs,Archaic Homo sapiens,Archaic Homo sapiens,205.0,1160.0,,1160.0
Dmanisi A,,,,,,,,,,,,,,,h,h,h,Homo,Homo,1800.0,775.0,780.0,777.5
Dmanisi B,,,,,,,,,,,,,,,h,h,h,Homo,Homo,1800.0,650.0,,650.0
Dolni Vestonice 13,,,,,75.5052135545937,21000.0,,,,,,,,,,,,,,,,,
Dolni Vestonice 14,,,,,79.3666827902996,21000.0,,,,,,,,,,,,,,,,,
Dolni Vestonice 16,,,,,78.9514710445248,21000.0,,,,,,,,,,,,,,,,,
Dolni Vestonice 3,,,,,63.5886364508562,21000.0,,,,,,,,,hs,hs,hs,Homo sapiens,Homo sapiens,26.0,1307.5,,1307.5
ER 20419,,,,,60.6821542304325,3900000.0,,,,,,,,,,,,,,,,,
ER1463,,,,,42.4128374163401,1500000.0,,,,,,,,,,,,,,,,,
ER1464,,,,,59.1458707710656,1600000.0,,,,,,,,,,,,,,,,,
ER1465,,,,,53.2083428064856,1500000.0,,,,,,,,,,,,,,,,,
ER1470,,,,,,,,,,,,,,,hh,aa-hh. h. hh. hrud,aa-hh. h. hh. hrud,Homo habilis,Homo habilis,1890.0,776.0,,776.0
ER1471,,,,,42.9526126858474,1950000.0,,,,,,,,,,,,,,,,,
ER1472,,,,,51.755101696273755,2225000.0,,,,,,,,,,,,,,,,,
ER1473,,,,,61.9277894677569,1950000.0,,,,,,,,,,,,,,,,,
ER1475,,,,,54.5785415675425,1950000.0,,,,,,,,,,,,,,,,,
ER1476A,,,,,34.5238142466184,1750000.0,,,,,,,,,,,,,,,,,
ER1481,,,,,51.9627075691611,1950000.0,,,,,,,,,,,,,,,,,
ER1481c,,,,,55.6996132811346,2500000.0,,,,,,,,,,,,,,,,,
ER1500,,,,,40.336778687466,1950000.0,,,,,,,,,,,,,,,,,
ER1503,,,,,45.8590949062712,1750000.0,,,,,,,,,,,,,,,,,
ER1503/1505,,,,,50.8416358555691,1750000.0,,,,,,,,,,,,,,,,,
ER1504,,,,,40.336778687466,1950000.0,,,,,,,,,,,,,,,,,
ER1590 (juv. 8 year old),,,,,,,,,,,,,,,aa,aa-hh. hh,aa-hh. hh,Australopithecus africanus,A. africanus,1850.0,782.5,,782.5
ER1592,,,,,91.8230351635444,1900000.0,,,,,,,,,,,,,,,,,
ER164C,,,,,55.2844015353597,1750000.0,,,,,,,,,,,,,,,,,
ER1805,,,,,,,,,,,,,,,hh,a. aa-hh. hh,a. aa-hh. hh,Homo habilis,Homo habilis,1850.0,591.0,700.0,616.0
ER1807,,,,,77.7058358072003,1500000.0,,,,,,,,,,,,,,,,,
ER1808,,,,,57.2358967405014,1700000.0,,,,,,,,,,,,,,,,,
ER1809,,,,,43.7830361773971,1900000.0,,,,,,,,,,,,,,,,,
ER1810,,,,,55.5750497574021,1950000.0,,,,,,,,,,,,,,,,,
ER1813,,,,,,,,,,,,,,,hh,aa-hh. habiline. hh,aa-hh. habiline. hh,Homo habilis,Homo habilis,1890.0,506.3333333333333,,506.3333333333333
ER23000,,,,,,,,,,,,,,,ab,ab,ab,Australopithecus boisei,A. boisei,1900.0,491.0,,491.0
ER2596,,,,,30.786908534645,1950000.0,,,,,,,,,,,,,,,,,
ER3228,,,,,75.2145653325514,2000000.0,,,,,,,,,,,,,,,,,
ER3728,,,,,44.6134596689467,1900000.0,,,,,,,,,,,,,,,,,
ER3732,,,,,,,,,,,,,,,hh,habiline. hh,habiline. hh,Homo habilis,Homo habilis,1890.0,622.5,,622.5
ER3733 (Koobi Fora),,,,,,,,,,,,,,,he,he. early hs. herg,he. early hs. herg,Homo erectus,Homo erectus,1780.0,820.4,850.0,825.4
ER3735,,,,,32.4477555177443,1950000.0,,,,,,,,,,,,,,,,,
ER3736,,,,,59.0213072473332,1950000.0,,,,,,,,,,,,,,,,,
ER3883,,,,,,,,,,,,,,,he,he. early hs,he. early hs,Homo erectus,Homo erectus,1570.0,817.3333333333334,850.0,825.6666666666666
ER3888,,,,,43.949120875707,1500000.0,,,,,,,,,,,,,,,,,
ER3951,,,,,54.3294145200776,1750000.0,,,,,,,,,,,,,,,,,
ER406 (FS-158) male (Koobi Fora) KNM-ER 406,,,,,,,,,,,,,,,ab,ab-ar. ab,ab-ar. ab,Australopithecus boisei,A. boisei,1640.0,518.3333333333334,,518.3333333333334
ER407 (FS-210) (Koobi Fora) KNM-ER 407,,,,,,,,,,,,,,,ab,ab,ab,Australopithecus boisei,A. boisei,1640.0,508.0,,508.0
ER5428,,,,,116.320528164259,1750000.0,,,,,,,,,,,,,,,,,
ER5880A,,,,,61.9277894677569,1950000.0,,,,,,,,,,,,,,,,,
ER6020,,,,,61.8032259440245,1750000.0,,,,,,,,,,,,,,,,,
ER732 (FS-160) (Koobi Fora) KNM-ER 732,,,,,,,,,,,,,,,ab,ab-ar. ab,ab-ar. ab,Australopithecus boisei,A. boisei,1640.0,503.0,,503.0
ER736,,,,,81.0275297733989,1750000.0,,,,,,,,,,,,,,,,,
ER736 (possible confusion with ER732),,,,,,,,,,,,,,,ar,ar,ar,Australopithecus robustus,A. robustus,1640.0,504.0,,504.0
ER737,,,,,63.8792846728986,1600000.0,,,,,,,,,,,,,,,,,
ER738,,,,,41.8730621468329,1750000.0,,,,,,,,,,,,,,,,,
ER739,,,,,60.9728024524748,1350000.0,,,,,,,,,,,,,,,,,
ER741,,,,,62.882776483039,1750000.0,,,,,,,,,,,,,,,,,
ER803,,,,,58.0663202320511,1500000.0,,,,,,,,,,,,,,,,,
ER813A,,,,,62.882776483039,1750000.0,,,,,,,,,,,,,,,,,
ER815,,,,,36.1846612297177,1750000.0,,,,,,,,,,,,,,,,,
ER993,,,,,55.824176804867,1500000.0,,,,,,,,,,,,,,,,,
ER999,,,,,70.3565879069859,920000.0,,,,,,,,,,,,,,,,,
Ehringsdorf 9,,,,,,,,,,,,,,,n,n,n,Neandertal,Neandertal,203.0,1450.0,,1450.0
Ein Gev 1,,,,,64.9588352119132,21000.0,,,,,,,,,,,,,,,,,
Eyasi,,,,,,,,,,,,,,,ahs,ahs,ahs,Archaic Homo sapiens,Archaic Homo sapiens,35.0,1220.0,1250.0,1235.0
Farincourt 1,,,,,60.5575907067,11500.0,,,,,,,,,,,,,,,,,
Fish Hoek 1 (Skildergat cave),,,,,,,,,,,,,,,hs,hs,hs,Homo sapiens,Homo sapiens,14.0,1575.0,,1575.0
Florisbad 1,,,,,,,,,,,,,,,hs,hs-n. ahs,hs-n. ahs,Homo sapiens,Homo sapiens,150.0,1280.0,,1280.0
Fond-de-Foret 1,,,,,83.103588502273,60000.0,,,,,,,,,,,,,,,,,
Font de Foret I,,,,,65.6646951797304,21000.0,,,,,,,,,,,,,,,,,
Fontéchevade 2,,,,,,,,,,,,,,,n,n. pre sapiens,n. pre sapiens,Neandertal,Neandertal,160.0,1420.0,,1420.0
Galilee,,,,,,,,,,,,,,,n,n,n,Neandertal,Neandertal,40.0,1400.0,,1400.0
Gamble’s Cave,,,,,,,,,,,,,,,hs,hs,hs,Homo sapiens,Homo sapiens,10.0,1500.0,,1500.0
Gamble’s Cave 4,,,,,,,,,,,,,,,hs,hs,hs,Homo sapiens,Homo sapiens,10.0,1470.0,,1470.0
Gamble’s Cave 5,,,,,,,,,,,,,,,hs,hs,hs,Homo sapiens,Homo sapiens,10.0,1530.0,,1530.0
Ganovce 1,,,,,,,,,,,,,,,n,n,n,Neandertal,Neandertal,50.0,1320.0,,1320.0
Gasher-Benot-Ya'acov,,,,,45.6099678588063,500000.0,,,,,,,,,,,,,,,,,
Gibraltar 1 (Forbes’ Quarry),,,,,,,,,,,,,,,n,n,n,Neandertal,Neandertal,60.0,1226.75,,1226.75
Gibraltar 2 (adult),,,,,,,,,,,,,,,n,n,n,Neandertal,Neandertal,25.0,1650.0,,1650.0
Gibraltar 2 (child),,,,,,,,,,,,,,,n,n,n,Neandertal,Neandertal,25.0,1350.0,,1350.0
Gongwangling 1 (Lantian I. Lantian 2),,,,,,,,,,,,,,,he,he,he,Homo erectus,Homo erectus,1150.0,777.6666666666666,783.0,779.0
Grimaldi I,,,,,,,Homo sapiens,AMH (Pleistocene),192.0,135.5,133.5,62.3,100.0,130.0,,,,,,,,,
Grimaldi II,,,,,,,Homo sapiens,AMH (Pleistocene),191.0,133.5,130.5,59.1,105.5,128.5,,,,,,,,,
Grotte des Enfants 3,,,,,58.315447279516,11500.0,,,,,,,,,,,,,,,,,
Grotte des Enfants 4 (Grimaldi),,,,,,,,,,,,,,,hs,hs,hs,Homo sapiens,Homo sapiens,28.0,1745.0,,1745.0
Grotte des Enfants 5 (Grimaldi),,,,,,,,,,,,,,,hs,hs,hs,Homo sapiens,Homo sapiens,28.0,1446.5,,1446.5
Grotte des Enfants 6 (Grimaldi),,,,,,,,,,,,,,,hs,hs,hs,Homo sapiens,Homo sapiens,28.0,1540.0,,1540.0
Grotte des Enfants4,,,,,120.472645622007,60000.0,,,,,,,,,,,,,,,,,
Grotte des Enfants5,,,,,59.436518993108,60000.0,,,,,,,,,,,,,,,,,
Grotte du Prince,,,,,69.9413761612111,100000.0,,,,,,,,,,,,,,,,,
Groutte des Enfants 4,,,,,90.2867517041775,21000.0,,,,,,,,,,,,,,,,,
Groutte des Enfants 5,,,,,60.9728024524748,21000.0,,,,,,,,,,,,,,,,,
HBSM2018-000018(A),,,,,,,Homo longi,Extinct Homo,221.3,132.6,157.4,76.4,125.1,162.4,,,,,,,,,
Hexian (PA 830),,,,,,,,,,,,,,,he,he,he,Homo erectus,Homo erectus,250.0,1000.0,,1000.0
Hexian I (PA 830),,,,,,,,,,,,,,,he,he,he,Homo erectus,Homo erectus,250.0,1025.0,,1025.0
Jebel Irhoud 1 (Djebel Irhoud I) (Jebel Ighoud 1),,,,,,,,,,,,,,,n,n. n-hs,n. n-hs,Neandertal,Neandertal,100.0,1426.25,,1426.25
Jebel Irhoud 2 (Djebel Irhoud II) (Jebel Ighoud 2),,,,,,,,,,,,,,,n,n,n,Neandertal,Neandertal,100.0,1377.5,,1377.5
Jebel Sahaba 117-1,,,,,70.7717996527607,11500.0,,,,,,,,,,,,,,,,,
Jebel Sahaba 117-10,,,,,67.8653174323369,11500.0,,,,,,,,,,,,,,,,,
Jebel Sahaba 117-102,,,,,68.4466138764217,11500.0,,,,,,,,,,,,,,,,,
Jebel Sahaba 117-11,,,,,66.9103304170548,11500.0,,,,,,,,,,,,,,,,,
Jebel Sahaba 117-15,,,,,56.6546002964166,11500.0,,,,,,,,,,,,,,,,,
Jebel Sahaba 117-17,,,,,67.2009786390972,11500.0,,,,,,,,,,,,,,,,,
Jebel Sahaba 117-18,,,,,74.6747900630441,11500.0,,,,,,,,,,,,,,,,,
Jebel Sahaba 117-19,,,,,66.7857668933224,11500.0,,,,,,,,,,,,,,,,,
Jebel Sahaba 117-20,,,,,65.7892587034628,11500.0,,,,,,,,,,,,,,,,,
Jebel Sahaba 117-21,,,,,64.7097081644483,11500.0,,,,,,,,,,,,,,,,,
Jebel Sahaba 117-22,,,,,65.2494834339555,11500.0,,,,,,,,,,,,,,,,,
Jebel Sahaba 117-26,,,,,59.7271672151504,11500.0,,,,,,,,,,,,,,,,,
Jebel Sahaba 117-28,,,,,60.5575907067,11500.0,,,,,,,,,,,,,,,,,
Jebel Sahaba 117-29,,,,,76.7508487919182,11500.0,,,,,,,,,,,,,,,,,
Jebel Sahaba 117-33,,,,,66.2044704492377,11500.0,,,,,,,,,,,,,,,,,
Jebel Sahaba 117-38,,,,,70.3565879069859,11500.0,,,,,,,,,,,,,,,,,
Jebel Sahaba 117-39,,,,,70.2320243832534,11500.0,,,,,,,,,,,,,,,,,
Jebel Sahaba 117-4,,,,,63.1734247050814,11500.0,,,,,,,,,,,,,,,,,
Jebel Sahaba 117-40,,,,,69.5261644154362,11500.0,,,,,,,,,,,,,,,,,
Jebel Sahaba 117-42,,,,,72.0174348900852,11500.0,,,,,,,,,,,,,,,,,
Jebel Sahaba 117-5,,,,,69.8168126374786,11500.0,,,,,,,,,,,,,,,,,
Jebel Sahaba 117-6,,,,,69.8168126374786,11500.0,,,,,,,,,,,,,,,,,
Jebel Sahaba 117-7,,,,,60.3915060083901,11500.0,,,,,,,,,,,,,,,,,
Jinniushan,,,,,,,,,,,,,,,ahs,ahs. hs,ahs. hs,Archaic Homo sapiens,Archaic Homo sapiens,187.0,1316.6666666666667,,1316.6666666666667
KGA10-525,,,,,,,,,,,,,,,ab,ab,ab,Australopithecus boisei,A. boisei,1420.0,545.0,,545.0
KNM- ER13750,,,,,,,,,,,,,,,ab,ab,ab,Australopithecus boisei,A. boisei,2000.0,481.0,480.0,484.5
KNM-BK 66,,,,,54.7446262658525,500000.0,,,,,,,,,,,,,,,,,
KNM-ER 1470,Homo rudolfensis / H. habilis s.l.,45.6 ,776 ,1900000.0,,,Homo rudolfensis / H. habilis s.l.,Extinct Homo,166.0,104.0,126.0,90.0,115.0,135.0,,,,,,,,,
KNM-ER 17000,Paranthropus aethiopicus,37.7 ,410 ,2520000.0,,,Paranthropus aethiopicus,Australopitecine,148.5,93.1,100.0,99.0,149.4,162.0,,,,,,,,,
KNM-ER 1813,Homo habilis,34.9 ,506 ,1650000.0,,,Homo habilis,Extinct Homo,145.0,94.8,102.8,66.0,98.3,116.8,,,,,,,,,
KNM-ER 3733,Homo ergaster / H. erectus s.l.,59.2 ,825 ,1630000.0,,,Homo ergaster / H. erectus s.l.,Extinct Homo,182.0,108.0,135.0,83.0,120.0,138.0,,,,,,,,,
KNM-ER 406,Paranthropus boisei,69.8 ,518 ,1580000.0,,,Paranthropus boisei,Australopitecine,163.0,103.0,112.0,88.0,135.0,179.0,,,,,,,,,
KNM-ER3884,,,,,,,,,,,,,,,ahs,ahs,ahs,Archaic Homo sapiens,Archaic Homo sapiens,270.0,1400.0,,1400.0
KNM-ES-11693 (Eliye Springs),,,,,,,,,,,,,,,ahs,ahs,ahs,Archaic Homo sapiens,Archaic Homo sapiens,150.0,1300.0,1450.0,1337.5
KNM-WT 15000 (adult) (WT 15K)(Nariokotome),,,,,,,,,,,,,,,he,he. herg,he. herg,Homo erectus,Homo erectus,1600.0,904.5,,904.5
KNM-WT15000 (juv) (WT 15K)(Nariokotome),,,,,,,,,,,,,,,he,he. herg,he. herg,Homo erectus,Homo erectus,1600.0,880.0,,880.0
"KNM-WT17000
(black skull)",,,,,,,,,,,,,,,ab,ab. aae,ab. aae,Australopithecus boisei,A. boisei,2500.0,410.0,,410.0
KNM-WT17400,,,,,,,,,,,,,,,ab,ab,ab,Australopithecus boisei,A. boisei,1800.0,445.0,400.0,447.5
KP271,,,,,52.7931310607108,4250000.0,,,,,,,,,,,,,,,,,
KP29285,,,,,55.5750497574021,4000000.0,,,,,,,,,,,,,,,,,
Kabwe,Homo rhodesiensis / H. heidelbergensis,118.9 ,1310 ,300000.0,,,Homo rhodesiensis / H. heidelbergensis,Extinct Homo,210.0,129.0,144.0,95.0,115.0,144.5,,,,,,,,,
Kebara,,,,,74.923917110509,60000.0,,,,,,,,,,,,,,,,,
Keilor,,,,,,,,,,,,,,,hs,hs,hs,Homo sapiens,Homo sapiens,13.0,1528.5,,1528.5
Kiik-Koba 1,,,,,77.2906240614255,60000.0,,,,,,,,,,,,,,,,,
Krapina - D,,,,,,,,,,,,,,,n,n,n,Neandertal,Neandertal,130.0,1450.0,,1450.0
Krapina 189,,,,,75.7543406020586,100000.0,,,,,,,,,,,,,,,,,
Krapina 207,,,,,51.5474958233863,140000.0,,,,,,,,,,,,,,,,,
Krapina 208,,,,,62.882776483039,200000.0,,,,,,,,,,,,,,,,,
Krapina 209,,,,,58.4815319778259,100000.0,,,,,,,,,,,,,,,,,
Krapina 213,,,,,75.2145653325514,100000.0,,,,,,,,,,,,,,,,,
Krapina 3 (C),,,,,,,,,,,,,,,n,n,n,Neandertal,Neandertal,130.0,1200.0,,1200.0
Kubbaniya 1,,,,,78.6608228224824,21000.0,,,,,,,,,,,,,,,,,
LB-1,Homo floresiensis,33.0 ,417 ,18000.0,,,Homo floresiensis,Extinct Homo,143.0,89.0,110.0,53.0,88.0,117.0,,,,,,,,,
LES-1,Homo naledi,37.4 ,610 ,286000.0,,,Homo naledi,Extinct Homo,143.0,92.4,104.0,68.1,90.7,112.5,,,,,,,,,
LH 18 (Laetoli 18) Ngaloba,,,,,,,,,,,,,,,ahs,n. ahs. hs,n. ahs. hs,Archaic Homo sapiens,Archaic Homo sapiens,125.0,1283.5,,1283.5
LT-1,,,,,,,Homo sapiens,AMH,179.0,132.0,131.0,72.5,98.0,129.0,,,,,,,,,
LT-10,,,,,,,Homo sapiens,AMH,185.0,140.0,135.0,64.5,95.0,118.0,,,,,,,,,
LT-100,,,,,,,Homo sapiens,AMH,189.0,145.0,137.0,68.0,92.0,133.0,,,,,,,,,
LT-103,,,,,,,Homo sapiens,AMH,177.5,133.0,128.5,65.4,87.0,118.0,,,,,,,,,
LT-104,,,,,,,Homo sapiens,AMH,170.0,127.0,128.0,71.5,102.0,117.0,,,,,,,,,
LT-105,,,,,,,Homo sapiens,AMH,176.0,122.0,132.0,65.2,90.0,118.0,,,,,,,,,
LT-110,,,,,,,Homo sapiens,AMH,170.0,127.0,127.0,65.5,95.0,120.0,,,,,,,,,
LT-111,,,,,,,Homo sapiens,AMH,182.0,138.0,136.0,64.7,95.5,121.0,,,,,,,,,
LT-114,,,,,,,Homo sapiens,AMH,182.0,131.5,128.0,63.0,94.0,127.0,,,,,,,,,
LT-115,,,,,,,Homo sapiens,AMH,185.0,132.0,135.0,66.4,95.0,129.0,,,,,,,,,
LT-118,,,,,,,Homo sapiens,AMH,194.0,137.0,144.0,75.9,104.0,137.0,,,,,,,,,
LT-121,,,,,,,Homo sapiens,AMH,187.0,137.5,136.0,71.6,97.0,127.5,,,,,,,,,
LT-125,,,,,,,Homo sapiens,AMH,190.0,135.0,134.0,74.5,97.0,128.0,,,,,,,,,
LT-127,,,,,,,Homo sapiens,AMH,172.0,126.0,132.0,64.0,92.0,115.0,,,,,,,,,
LT-133,,,,,,,Homo sapiens,AMH,187.5,128.0,144.0,75.8,95.0,128.0,,,,,,,,,
LT-134,,,,,,,Homo sapiens,AMH,180.0,130.5,136.0,69.2,91.5,123.0,,,,,,,,,
LT-136,,,,,,,Homo sapiens,AMH,174.0,122.5,131.0,68.7,91.5,117.0,,,,,,,,,
LT-140,,,,,,,Homo sapiens,AMH,194.0,141.0,146.0,70.5,100.0,136.0,,,,,,,,,
LT-141,,,,,,,Homo sapiens,AMH,186.0,129.0,139.0,74.5,96.0,135.5,,,,,,,,,
LT-142,,,,,,,Homo sapiens,AMH,174.0,135.0,130.0,66.0,100.0,122.0,,,,,,,,,
LT-144,,,,,,,Homo sapiens,AMH,187.0,138.0,141.0,66.2,102.0,129.0,,,,,,,,,
LT-145,,,,,,,Homo sapiens,AMH,187.0,130.5,136.0,73.4,109.0,138.0,,,,,,,,,
LT-146,,,,,,,Homo sapiens,AMH,176.0,124.0,132.0,70.0,90.0,121.0,,,,,,,,,
LT-152,,,,,,,Homo sapiens,AMH,183.0,134.0,128.0,65.0,97.0,126.5,,,,,,,,,
LT-156,,,,,,,Homo sapiens,AMH,174.0,134.0,127.0,73.5,99.0,123.0,,,,,,,,,
LT-158,,,,,,,Homo sapiens,AMH,179.0,140.0,129.0,66.0,102.0,133.0,,,,,,,,,
LT-159,,,,,,,Homo sapiens,AMH,184.0,126.5,131.0,71.1,94.0,125.0,,,,,,,,,
LT-160,,,,,,,Homo sapiens,AMH,174.0,123.0,127.0,59.0,84.0,117.0,,,,,,,,,
LT-161,,,,,,,Homo sapiens,AMH,183.0,134.0,138.0,69.3,94.2,125.5,,,,,,,,,
LT-166,,,,,,,Homo sapiens,AMH,185.0,130.0,140.0,78.0,106.0,123.0,,,,,,,,,
LT-172,,,,,,,Homo sapiens,AMH,187.0,138.0,142.0,67.0,95.0,125.0,,,,,,,,,
LT-178,,,,,,,Homo sapiens,AMH,176.5,129.0,126.0,58.0,93.0,117.0,,,,,,,,,
LT-179,,,,,,,Homo sapiens,AMH,182.0,134.0,138.0,78.5,102.0,132.0,,,,,,,,,
LT-1bis,,,,,,,Homo sapiens,AMH,184.0,134.0,127.0,65.5,87.0,124.0,,,,,,,,,
LT-21,,,,,,,Homo sapiens,AMH,177.0,135.0,132.0,62.5,86.0,122.0,,,,,,,,,
LT-25,,,,,,,Homo sapiens,AMH,183.0,128.0,136.0,72.0,97.0,128.0,,,,,,,,,
LT-26,,,,,,,Homo sapiens,AMH,181.0,133.0,130.0,64.3,93.5,114.0,,,,,,,,,
LT-27,,,,,,,Homo sapiens,AMH,167.0,133.0,130.0,65.0,104.0,123.0,,,,,,,,,
LT-30,,,,,,,Homo sapiens,AMH,188.0,147.0,138.0,79.3,99.0,132.5,,,,,,,,,
LT-32,,,,,,,Homo sapiens,AMH,174.0,132.0,137.5,63.5,87.0,121.0,,,,,,,,,
LT-45,,,,,,,Homo sapiens,AMH,192.0,141.5,141.0,71.0,98.0,137.0,,,,,,,,,
LT-46,,,,,,,Homo sapiens,AMH,171.0,132.0,132.0,67.0,91.0,128.0,,,,,,,,,
LT-48,,,,,,,Homo sapiens,AMH,179.0,123.0,126.0,67.0,94.0,125.5,,,,,,,,,
LT-57,,,,,,,Homo sapiens,AMH,191.0,148.0,144.0,70.0,100.5,130.0,,,,,,,,,
LT-6,,,,,,,Homo sapiens,AMH,177.0,140.0,133.0,70.0,97.0,124.0,,,,,,,,,
LT-60,,,,,,,Homo sapiens,AMH,180.5,132.0,132.0,68.0,87.0,121.0,,,,,,,,,
LT-67,,,,,,,Homo sapiens,AMH,173.0,135.0,129.0,60.0,88.0,119.0,,,,,,,,,
LT-71,,,,,,,Homo sapiens,AMH,190.0,145.0,142.0,76.5,94.0,131.0,,,,,,,,,
LT-72,,,,,,,Homo sapiens,AMH,174.0,131.0,130.0,59.0,83.0,120.0,,,,,,,,,
LT-73,,,,,,,Homo sapiens,AMH,179.0,123.5,130.0,66.0,88.5,120.0,,,,,,,,,
LT-74,,,,,,,Homo sapiens,AMH,178.0,126.0,134.0,62.0,90.0,122.0,,,,,,,,,
LT-79,,,,,,,Homo sapiens,AMH,178.0,119.0,131.5,60.0,92.0,119.0,,,,,,,,,
LT-80,,,,,,,Homo sapiens,AMH,181.0,134.0,139.0,66.0,90.0,130.0,,,,,,,,,
LT-82,,,,,,,Homo sapiens,AMH,178.5,127.0,129.0,64.0,94.0,118.0,,,,,,,,,
LT-83,,,,,,,Homo sapiens,AMH,169.0,119.0,130.0,60.0,89.0,117.0,,,,,,,,,
LT-84,,,,,,,Homo sapiens,AMH,189.0,133.0,137.0,69.0,96.0,127.0,,,,,,,,,
LT-86,,,,,,,Homo sapiens,AMH,170.0,132.0,129.0,58.1,87.0,118.0,,,,,,,,,
LT-88,,,,,,,Homo sapiens,AMH,183.5,132.0,131.5,72.4,107.0,129.0,,,,,,,,,
LT-9,,,,,,,Homo sapiens,AMH,179.0,132.0,139.0,64.5,94.0,122.0,,,,,,,,,
LT-91,,,,,,,Homo sapiens,AMH,170.0,119.0,126.0,64.9,90.0,116.0,,,,,,,,,
LT-92,,,,,,,Homo sapiens,AMH,187.0,131.0,134.0,68.8,98.0,130.0,,,,,,,,,
LT-93,,,,,,,Homo sapiens,AMH,169.0,129.0,137.0,67.0,92.0,123.5,,,,,,,,,
LT-94,,,,,,,Homo sapiens,AMH,183.0,135.0,137.0,76.0,102.0,119.0,,,,,,,,,
LT-96,,,,,,,Homo sapiens,AMH,179.0,124.0,130.0,68.4,94.0,115.0,,,,,,,,,
La Chapelle,Homo neanderthalensis,100.3 ,1604 ,52000.0,64.4190599424059,60000.0,Homo neanderthalensis,Extinct Homo,208.0,131.0,156.0,86.0,124.8,153.0,,,,,,,,,
La Chapelle-aux-Saints,,,,,,,,,,,,,,,n,n,n,Neandertal,Neandertal,50.0,1605.1666666666667,1600.0,1609.3333333333333
La Ferrasie I,Homo neanderthalensis,99.5 ,1663 ,72000.0,,,Homo neanderthalensis,Extinct Homo,207.5,135.0,158.0,88.0,124.0,148.5,,,,,,,,,
La Ferrassie 1,,,,,70.9378843510707,60000.0,,,,,,,,,n,n,n,Neandertal,Neandertal,68.0,1650.2,,1650.2
La Ferrassie 2,,,,,58.0663202320511,60000.0,,,,,,,,,,,,,,,,,
La Madelanie,,,,,82.8129402802307,21000.0,,,,,,,,,,,,,,,,,
La Madeleine 1,,,,,71.1870113985355,11500.0,,,,,,,,,,,,,,,,,
La Quina 18 (child),,,,,,,,,,,,,,,n,n,n,Neandertal,Neandertal,50.0,1205.0,,1205.0
La Quina 5,,,,,69.4016008917038,60000.0,,,,,,,,,,,,,,,,,
La Quina 5 (H5),,,,,,,,,,,,,,,n,n,n,Neandertal,Neandertal,50.0,1342.25,,1342.25
La Rochette 1,,,,,64.1284117203635,60000.0,,,,,,,,,,,,,,,,,
Laugerie Basse 54298,,,,,74.6747900630441,11500.0,,,,,,,,,,,,,,,,,
Laugerie Basse 9,,,,,65.374046957688,11500.0,,,,,,,,,,,,,,,,,
Laugerie Basse N,,,,,,,Homo sapiens,AMH (Pleistocene),194.0,148.5,137.5,77.2,105.0,138.5,,,,,,,,,
Le Moustier 1,,,,,,,,,,,,,,,n,n,n,Neandertal,Neandertal,40.0,1486.2,,1486.2
Le Placard 15,,,,,64.1284117203635,11500.0,,,,,,,,,,,,,,,,,
Le Placard 16,,,,,70.7717996527607,11500.0,,,,,,,,,,,,,,,,,
Lezetxiki 1,,,,,72.8478583816348,60000.0,,,,,,,,,,,,,,,,,
Liang Toge,,,,,,,Homo sapiens,AMH,177.0,128.0,120.0,70.0,103.0,120.0,,,,,,,,,
Lijiang,,,,,,,,,,,,,,,hs,hs,hs,Homo sapiens,Homo sapiens,100.0,1300.0,,1300.0
Lin112,,,,,,,Homo sapiens,AMH,177.0,135.0,128.0,63.7,87.8,120.0,,,,,,,,,
Lin133,,,,,,,Homo sapiens,AMH,179.0,142.0,136.0,66.0,91.0,131.3,,,,,,,,,
Lin146,,,,,,,Homo sapiens,AMH,173.5,129.0,125.0,65.2,95.5,124.0,,,,,,,,,
Lin149,,,,,,,Homo sapiens,AMH,163.0,125.0,134.0,66.1,93.7,130.2,,,,,,,,,
Lin171,,,,,,,Homo sapiens,AMH,170.0,121.0,141.0,54.5,91.3,128.2,,,,,,,,,
Lin45,,,,,,,Homo sapiens,AMH,177.0,125.5,132.0,68.0,85.5,118.7,,,,,,,,,
Lin46,,,,,,,Homo sapiens,AMH,171.0,129.5,133.0,58.0,83.4,121.5,,,,,,,,,
Lin50,,,,,,,Homo sapiens,AMH,177.5,136.0,144.5,61.3,85.0,130.3,,,,,,,,,
Lin54,,,,,,,Homo sapiens,AMH,186.0,130.0,145.0,65.8,88.0,134.0,,,,,,,,,
Lin71,,,,,,,Homo sapiens,AMH,179.0,141.0,150.0,64.4,85.8,126.2,,,,,,,,,
Lin74,,,,,,,Homo sapiens,AMH,166.0,126.0,124.0,61.2,84.5,115.0,,,,,,,,,
Lin80,,,,,,,Homo sapiens,AMH,168.5,123.0,133.0,60.5,71.4,114.6,,,,,,,,,
Lin99,,,,,,,Homo sapiens,AMH,176.0,130.0,124.0,57.7,85.6,115.4,,,,,,,,,
Liujiang (skull PA 89) (Liu Kwang) (Liu Kiang),,,,,,,,,,,,,,,hs,hs,hs,Homo sapiens,Homo sapiens,67.0,1480.0,,1480.0
MAK-VP 1,,,,,45.6099678588063,4500000.0,,,,,,,,,,,,,,,,,
MLD-1 (A. prometheus),,,,,,,,,,,,,,,aa,aa,aa,Australopithecus africanus,A. africanus,2900.0,575.0,,575.0
MLD-3,,,,,,,,,,,,,,,aa,aa,aa,Australopithecus africanus,A. africanus,2900.0,375.0,400.0,387.5
MLD17,,,,,62.3430012135318,2100000.0,,,,,,,,,,,,,,,,,
MLD37-38 (MLD 37/43),,,,,,,,,,,,,,,aa,aa,aa,Australopithecus africanus,A. africanus,2900.0,446.6666666666667,,446.6666666666667
MRD-VP-1/1,Australopithecus anamensis,55.2 ,368 ,3800000.0,,,Australopithecus anamensis,Australopitecine,149.2,94.9,83.1,91.1,127.3,130.3,,,,,,,,,
Minatogawa 1,,,,,70.3565879069859,21000.0,,,,,,,,,hs,hs,hs,Homo sapiens,Homo sapiens,18.0,1390.0,,1390.0
Minatogawa 2,,,,,56.8206849947265,21000.0,,,,,,,,,hs,hs,hs,Homo sapiens,Homo sapiens,18.0,1170.0,,1170.0
Minatogawa 3,,,,,60.9728024524748,21000.0,,,,,,,,,,,,,,,,,
Minatogawa 4,,,,,58.315447279516,21000.0,,,,,,,,,hs,hs,hs,Homo sapiens,Homo sapiens,18.0,1090.0,,1090.0
Mladec 1 (16-17 year old) (Lautsch),,,,,,,,,,,,,,,hs,hs,hs,Homo sapiens,Homo sapiens,35.0,1573.0,,1573.0
Mladec 2 (17-18 year old) (Lautsch),,,,,,,,,,,,,,,hs,hs,hs,Homo sapiens,Homo sapiens,35.0,1390.0,,1390.0
Mladec 21,,,,,61.6371412457146,60000.0,,,,,,,,,,,,,,,,,
Mladec 22,,,,,75.5052135545937,60000.0,,,,,,,,,,,,,,,,,
Mladec 24,,,,,75.9204253003686,60000.0,,,,,,,,,,,,,,,,,
Mladec 5 (Lautsch),,,,,,,,,,,,,,,hs,hs,hs,Homo sapiens,Homo sapiens,35.0,1575.0,,1575.0
Mladec I,,,,,,,Homo sapiens,AMH (Pleistocene),198.5,138.0,142.0,70.0,104.2,132.5,,,,,,,,,
Modjokerto (adult) (Perning I. Pithecanthropus V),,,,,,,,,,,,,,,he,he,he,Homo erectus,Homo erectus,1800.0,845.0,860.0,855.0
Modjokerto (child) (Perning I. Pithecanthropus V),,,,,,,,,,,,,,,he,he,he,Homo erectus,Homo erectus,1800.0,664.75,700.0,672.75
Monte Circeo I (Guattari. Circeo 1),,,,,,,,,,,,,,,n,n,n,Neandertal,Neandertal,55.0,1551.0,,1551.0
Moustier 1,,,,,38.9665799264091,60000.0,,,,,,,,,,,,,,,,,
Nahal Ein Gev 1,,,,,61.0973659762073,21000.0,,,,,,,,,,,,,,,,,
Narmada 1,,,,,,,,,,,,,,,ahs,ahs. hs,ahs. hs,Archaic Homo sapiens,Archaic Homo sapiens,300.0,1205.0,1421.0,1249.3333333333333
Nazlet Khater 1,,,,,,,,,,,,,,,hs,hs,hs,Homo sapiens,Homo sapiens,33.0,1420.0,,1420.0
Nazlet Khazer 1,,,,,51.2568476013439,60000.0,,,,,,,,,,,,,,,,,
Ndutu 1,,,,,,,,,,,,,,,ahs,he-n. ahs,he-n. ahs,Archaic Homo sapiens,Archaic Homo sapiens,350.0,1100.0,,1100.0
Neandertal 1,,,,,64.5436234661383,60000.0,,,,,,,,,n,n,n,Neandertal,Neandertal,50.0,1337.75,,1337.75
Neussing 2,,,,,80.3216698055817,21000.0,,,,,,,,,,,,,,,,,
Neve David 1,,,,,66.6196821950125,11500.0,,,,,,,,,,,,,,,,,
Ngandong B,,,,,48.1012383334552,100000.0,,,,,,,,,,,,,,,,,
OH 12,,,,,,,,,,,,,,,he,he,he,Homo erectus,Homo erectus,840.0,715.6666666666666,800.0,732.3333333333334
OH 24,Homo habilis,30.3 ,582 ,1800000.0,,,Homo habilis,Extinct Homo,145.0,89.0,118.0,67.0,92.0,120.0,,,,,,,,,
OH 34,,,,,44.1982479231719,1000000.0,,,,,,,,,,,,,,,,,
OH 5,Paranthropus boisei,57.6 ,613 ,1830000.0,,,Paranthropus boisei,Australopitecine,173.0,98.0,116.0,112.0,137.0,168.0,,,,,,,,,
OH13 (Cinderella)(adult) (Olduvai hominid),,,,,,,,,,,,,,,hh,aa. aa-hh. hh,aa. aa-hh. hh,Homo habilis,Homo habilis,1660.0,662.2857142857143,,662.2857142857143
OH13 (Cinderella)(juv) (Olduvai hominid),,,,,,,,,,,,,,,hh,aa. aa-hh. hh,aa. aa-hh. hh,Homo habilis,Homo habilis,1660.0,630.2857142857143,,630.2857142857143
OH16 (George) (adult) (Olduvai hominid),,,,,,,,,,,,,,,hh,aa-hh. hh. h,aa-hh. hh. h,Homo habilis,Homo habilis,1670.0,639.2,,639.2
OH16 (George) (juv) (Olduvai hominid),,,,,,,,,,,,,,,hh,aa-hh. hh. h,aa-hh. hh. h,Homo habilis,Homo habilis,1670.0,613.8333333333334,,613.8333333333334
OH20,,,,,44.4888961452143,1250000.0,,,,,,,,,,,,,,,,,
OH24 (Twiggy) (Olduvai hominid 24),,,,,,,,,,,,,,,hh,hh. aa,hh. aa,Homo habilis,Homo habilis,1800.0,586.0,,586.0
OH28,,,,,57.3604602642339,870000.0,,,,,,,,,,,,,,,,,
OH35,,,,,34.399250722886,1800000.0,,,,,,,,,,,,,,,,,
OH5,,,,,31.4927685024622,1800000.0,,,,,,,,,,,,,,,,,
OH5 (Zinj) (Olduvai hominid),,,,,,,,,,,,,,,ab,ab. ar-ab,ab. ar-ab,Australopithecus boisei,A. boisei,1770.0,588.0,,588.0
OH53,,,,,52.377919314936,1800000.0,,,,,,,,,,,,,,,,,
OH62,,,,,30.9114720583775,1770000.0,,,,,,,,,,,,,,,,,
OH7 (Olduvai hominid)(juv),,,,,,,,,,,,,,,hh,ar. aa-hh. hh,ar. aa-hh. hh,Homo habilis,Homo habilis,1780.0,650.6666666666666,715.0,652.5
OH7 (adult) (Olduvai hominid),,,,,,,,,,,,,,,hh,ar. aa-hh. hh,ar. aa-hh. hh,Homo habilis,Homo habilis,1780.0,679.0,,679.0
OH8,,,,,37.1396482449998,1800000.0,,,,,,,,,,,,,,,,,
OH9 (Chellean man),,,,,,,,,,,,,,,he,he,he,Homo erectus,Homo erectus,1200.0,1056.75,1135.0,1070.5
Obercassel 1,,,,,72.7232948579024,11500.0,Homo sapiens,AMH (Pleistocene),195.0,137.5,143.5,72.0,97.0,153.0,,,,,,,,,
Obercassel 2,,,,,63.1734247050814,11500.0,Homo sapiens,AMH (Pleistocene),182.0,134.5,129.5,66.7,86.5,124.0,,,,,,,,,
Oberkassel 1,,,,,,,,,,,,,,,hs,hs,hs,Homo sapiens,Homo sapiens,12.0,1500.0,,1500.0
Oberkassel 2,,,,,,,,,,,,,,,hs,hs,hs,Homo sapiens,Homo sapiens,12.0,1338.0,,1338.0
Ofnet 21.1,,,,,,,,,,,,,,,hs,hs,hs,Homo sapiens,Homo sapiens,11.0,1500.0,,1500.0
Ofnet 24.1,,,,,,,,,,,,,,,hs,hs,hs,Homo sapiens,Homo sapiens,11.0,1420.0,,1420.0
Ohalo 2,,,,,82.5638132327658,21000.0,,,,,,,,,,,,,,,,,
Omo 1,,,,,,,,,,,,,,,hs,hs,hs,Homo sapiens,Homo sapiens,130.0,1400.0,,1400.0
Omo 2. Omo-Kibish 2,,,,,,,,,,,,,,,hs,n-hs. hs,n-hs. hs,Homo sapiens,Homo sapiens,130.0,1432.5,,1432.5
Omo L 323-1976-896,,,,,,,,,,,,,,,ab,ab,ab,Australopithecus boisei,A. boisei,2250.0,490.0,,490.0
Omo L338y-6 (adult),,,,,,,,,,,,,,,a,a. aae. aa. ab,a. aae. aa. ab,,,2390.0,444.0,,444.0
Omo L338y-6 (child 10yo) (Omo 338s),,,,,,,,,,,,,,,a ,a .aae. aa. ab,a .aae. aa. ab,,,2390.0,427.0,,427.0
Omo L894-1,,,,,,,,,,,,,,,h,h,h,Homo,Homo,1890.0,500.0,,500.0
Omo119-2718,,,,,46.0251796045811,4500000.0,,,,,,,,,,,,,,,,,
Omo75a-1317,,,,,37.1396482449998,4500000.0,,,,,,,,,,,,,,,,,
OmoL 754-8,,,,,79.2421192665672,2100000.0,,,,,,,,,,,,,,,,,
PAL10,,,,,,,Gorilla gorilla,G. gorilla (juvenile/infant),158.0,102.5,102.0,83.7,152.0,137.0,,,,,,,,,
PAL236,,,,,,,Gorilla gorilla,G. gorilla (juvenile/infant),150.0,97.5,101.5,101.8,160.0,135.9,,,,,,,,,
PAL249,,,,,,,Gorilla gorilla,G. gorilla (juvenile/infant),152.5,92.0,104.0,99.1,155.0,132.1,,,,,,,,,
PAL6,,,,,,,Gorilla gorilla,G. gorilla (juvenile/infant),153.5,98.0,98.0,107.3,153.7,138.4,,,,,,,,,
Paderbourne,,,,,,,,,,,,,,,hs,hs,hs,Homo sapiens,Homo sapiens,27.0,1531.0,,1531.0
Paglicci 25,,,,,69.2770373679714,21000.0,,,,,,,,,,,,,,,,,
Paglicci I,,,,,68.4466138764217,60000.0,,,,,,,,,,,,,,,,,
Palli Aike 773,,,,,,,,,,,,,,,hs,hs,hs,Homo sapiens,Homo sapiens,11.0,1480.0,,1480.0
Parabita 1,,,,,77.2906240614255,11500.0,,,,,,,,,,,,,,,,,
Parabita 2,,,,,74.2595783172693,11500.0,,,,,,,,,,,,,,,,,
Pataud 1,,,,,,,,,,,,,,,hs,hs,hs,Homo sapiens,Homo sapiens,21.0,1380.0,,1380.0
Pataud 4,,,,,71.7683078426203,21000.0,,,,,,,,,,,,,,,,,
Pataud 5,,,,,69.8168126374786,21000.0,,,,,,,,,,,,,,,,,
Paviland,,,,,85.594858976922,21000.0,,,,,,,,,,,,,,,,,
Pavlov 1,,,,,86.5498459922041,21000.0,,,,,,,,,hs,hs,hs,Homo sapiens,Homo sapiens,26.0,1522.0,,1522.0
Peking I,,,,,44.6134596689467,400000.0,,,,,,,,,,,,,,,,,
Peking II,,,,,38.5513681806343,400000.0,,,,,,,,,,,,,,,,,
Peking IV,,,,,44.3643326214818,400000.0,,,,,,,,,,,,,,,,,
Peking V,,,,,48.3503653809201,400000.0,,,,,,,,,,,,,,,,,
Peking VI,,,,,49.0562253487373,400000.0,,,,,,,,,,,,,,,,,
Petralona,,,,,,,Homo heidelbergensis,Extinct Homo,208.0,127.0,152.0,90.0,119.0,157.0,,,,,,,,,
Petralona 1,,,,,,,,,,,,,,,ahs,n-he. ahs. hhei,n-he. ahs. hhei,Archaic Homo sapiens,Archaic Homo sapiens,300.0,1265.4444444444443,1210.0,1266.5555555555557
Plesianthropus (B),,,,,,,,,,,,,,,ples transv,ples transv. aa,ples transv. aa,Plesianthropus transvaalensis,Plesianthropus transvaalensis,2500.0,600.0,,600.0
Plesianthropus type (A),,,,,,,,,,,,,,,ples transv,ples transv. aa,ples transv. aa,Plesianthropus transvaalensis,Plesianthropus transvaalensis,2500.0,440.0,,440.0
Plesianthropus type 2,,,,,,,,,,,,,,,aa,aa. ples trans,aa. ples trans,Australopithecus africanus,A. africanus,2500.0,495.6666666666667,560.0,510.6666666666667
Plesianthropus type 3,,,,,,,,,,,,,,,aa,aa. ples trans,aa. ples trans,Australopithecus africanus,A. africanus,2500.0,286.0,,286.0
Poloyo 1 (PL-1). Sambungmacan 3 (SM 3),,,,,,,,,,,,,,,he,he,he,Homo erectus,Homo erectus,200.0,900.0,,900.0
Prapina 214,,,,,57.4850237879663,100000.0,,,,,,,,,,,,,,,,,
Predmost IV,AMH (Upper Pleistocene),69.7 ,1423 ,26000.0,,,Homo sapiens,AMH (Pleistocene),191.5,136.5,143.5,67.2,104.6,136.0,,,,,,,,,
Predmost10,,,,,67.7407539086045,21000.0,,,,,,,,,,,,,,,,,
Predmost14,,,,,74.5087053647341,21000.0,,,,,,,,,,,,,,,,,
Predmost3,,,,,86.965057737979,21000.0,,,,,,,,,,,,,,,,,
Predmost4,,,,,67.2009786390972,21000.0,,,,,,,,,,,,,,,,,
Predmost9,,,,,70.3565879069859,21000.0,,,,,,,,,,,,,,,,,
Predmosti 1,,,,,63.8792846728986,21000.0,,,,,,,,,,,,,,,,,
Predmosti 10,,,,,,,,,,,,,,,hs,hs,hs,Homo sapiens,Homo sapiens,27.0,1452.0,,1452.0
Predmosti 3,,,,,,,,,,,,,,,hs,hs,hs,Homo sapiens,Homo sapiens,27.0,1594.0,,1594.0
Predmosti 4,,,,,,,,,,,,,,,hs,hs,hs,Homo sapiens,Homo sapiens,27.0,1422.6666666666667,,1422.6666666666667
Predmosti 9,,,,,,,,,,,,,,,hs,hs,hs,Homo sapiens,Homo sapiens,27.0,1555.0,,1555.0
Qafzeh 11 (Jebel Qafzeh 11) (Kafzeh 11),,,,,,,,,,,,,,,hs,hs,hs,Homo sapiens,Homo sapiens,93.0,1280.0,,1280.0
Qafzeh 3,,,,,56.4054732489518,60000.0,,,,,,,,,,,,,,,,,
Qafzeh 6 (Jebel Qafzeh 6) (Kafzeh 6),,,,,,,,,,,,,,,hs,hs,hs,Homo sapiens,Homo sapiens,93.0,1559.3333333333333,,1559.3333333333333
Qafzeh 7,,,,,66.6196821950125,60000.0,,,,,,,,,,,,,,,,,
Qafzeh 8,,,,,76.4602005698758,60000.0,,,,,,,,,,,,,,,,,
Qafzeh 9,,,,,70.107460859521,90000.0,,,,,,,,,,,,,,,,,
Qafzeh 9 (Jebel Qafzeh 9) (Kafzeh 9) (subadult),,,,,,,,,,,,,,,hs,hs,hs,Homo sapiens,Homo sapiens,93.0,1531.0,,1531.0
Regourdou,,,,,77.166060537693,60000.0,,,,,,,,,,,,,,,,,
Reilingn,,,,,,,,,,,,,,,ahs,ahs,ahs,Archaic Homo sapiens,Archaic Homo sapiens,300.0,1432.0,,1432.0
Romito 3,,,,,76.5847640936083,11500.0,,,,,,,,,,,,,,,,,
Romito 4,,,,,65.7892587034628,11500.0,,,,,,,,,,,,,,,,,
SH Cranium 5,Homo neanderthalensis,94.3 ,1390 ,350000.0,,,Homo heidelbergensis / H. neanderthalensis,Extinct Homo,185.0,125.0,146.5,85.0,115.3,144.0,,,,,,,,,
SK 27,,,,,,,,,,,,,,,h,h,h,Homo,Homo,1900.0,475.0,,475.0
SK 46,,,,,,,,,,,,,,,ar,ar,ar,Australopithecus robustus,A. robustus,1900.0,712.5,,712.5
SK 47 (adult),,,,,,,,,,,,,,,ar,ar. early h,ar. early h,Australopithecus robustus,A. robustus,1900.0,480.0,710.0,595.0
SK 47 (juv. 11 year old),,,,,,,,,,,,,,,ar,ar. early h,ar. early h,Australopithecus robustus,A. robustus,1900.0,383.5,456.0,429.5
SK 48,Paranthropus robustus,46.8 ,600 ,1775000.0,,,Paranthropus robustus,Australopitecine,140.4,91.0,100.0,80.0,97.0,145.0,ar,ar,ar,Australopithecus robustus,A. robustus,1900.0,600.0,,600.0
SK 49,,,,,,,,,,,,,,,ar,ar,ar,Australopithecus robustus,A. robustus,1900.0,475.0,,475.0
SK 52,,,,,,,,,,,,,,,ar,ar,ar,Australopithecus robustus,A. robustus,1900.0,575.0,,575.0
SK 54,,,,,,,,,,,,,,,ar,ar,ar,Australopithecus robustus,A. robustus,1900.0,475.0,,475.0
SK 80,,,,,,,,,,,,,,,h,h,h,Homo,Homo,1900.0,475.0,,475.0
SK 847,,,,,,,,,,,,,,,h,h. hh/he. herg. early h,h. hh,Homo,Homo,1900.0,419.5,635.0,507.0
SK ? ,,,,,,,,,,,,,,,ar,ar,ar,Australopithecus robustus,A. robustus,1900.0,1000.0,,1000.0
SK ? (6-7 year old. male),,,,,,,,,,,,,,,ar,ar,ar,Australopithecus robustus,A. robustus,1900.0,750.0,800.0,775.0
SK ? (adolescent. female),,,,,,,,,,,,,,,ar,ar,ar,Australopithecus robustus,A. robustus,1900.0,700.0,,700.0
SK1585,,,,,,,,,,,,,,,ar,ar,ar,Australopithecus robustus,A. robustus,1900.0,501.6666666666667,,501.6666666666667
SK18b,,,,,36.3092247534502,1750000.0,,,,,,,,,,,,,,,,,
SK3155,,,,,31.2021202804198,1700000.0,,,,,,,,,,,,,,,,,
SK3981,,,,,29.4167097735881,1700000.0,,,,,,,,,,,,,,,,,
SK80/847,,,,,,,,,,,,,,,h,h. hh/he. herg,h. hh,Homo,Homo,1900.0,500.0,,500.0
SK82,,,,,48.6410136029625,1700000.0,,,,,,,,,,,,,,,,,
SK97,,,,,54.9937533133173,1700000.0,,,,,,,,,,,,,,,,,
SKX1084,,,,,69.5261644154362,1700000.0,,,,,,,,,,,,,,,,,
SKX3699,,,,,32.8629672635191,1750000.0,,,,,,,,,,,,,,,,,
STS 17,,,,,,,,,,,,,,,aa,aa,aa,Australopithecus africanus,A. africanus,2500.0,400.0,425.0,412.5
STS 25,,,,,,,,,,,,,,,aa,aa,aa,Australopithecus africanus,A. africanus,2500.0,350.0,375.0,362.5
STS mandible ,,,,,,,,,,,,,,,aa,aa. ples trans,aa. ples trans,Australopithecus africanus,A. africanus,2500.0,650.0,725.0,687.5
STS19/58 (Ples 8. Sterkf 19. Sterkf 8. Sts 8),,,,,,,,,,,,,,,aa,aa. ples trans,aa. ples trans,Australopithecus africanus,A. africanus,2500.0,520.2,560.0,524.7
STS5 (Mrs/Mr Ples. Ples 5. Sterkfontein 5),,,,,,,,,,,,,,,aa,aa. ples trans,aa. ples trans,Australopithecus africanus,A. africanus,2500.0,484.4,500.0,486.9
"STS60 (Ples 1.
Sterkfontein 1. Sts 1)",,,,,,,,,,,,,,,aa,aa. ples trans,aa. ples trans,Australopithecus africanus,A. africanus,2500.0,428.0,,428.0
STS60 (Ples 1. Sterkfontein 1. Sts 1),,,,,,,,,,,,,,,aa,aa. ples trans,aa. ples trans,Australopithecus africanus,A. africanus,2500.0,442.5,,442.5
STS71 (Ples 7. Sterkfontein 7. Sts 7),,,,,,,,,,,,,,,aa,aa. ples trans,aa. ples trans,Australopithecus africanus,A. africanus,2500.0,444.5,520.0,449.5
STW88,,,,,35.4788012619005,1750000.0,,,,,,,,,,,,,,,,,
Saccopastore 1,,,,,,,,,,,,,,,n,n. ahs,n. ahs,Neandertal,Neandertal,100.0,1234.3333333333333,,1234.3333333333333
Saccopastore 2,,,,,,,,,,,,,,,n,n,n,Neandertal,Neandertal,100.0,1290.0,1300.0,1295.0
Saint Germain-la-Riviere 1,,,,,66.0799069255052,21000.0,,,,,,,,,hs,hs,hs,Homo sapiens,Homo sapiens,15.0,1354.0,,1354.0
Saint-Cessire 1,,,,,81.3181779954413,60000.0,,,,,,,,,,,,,,,,,
Saint-Germain,,,,,,,Homo sapiens,AMH (Pleistocene),185.5,125.0,143.0,69.0,92.5,134.0,,,,,,,,,
Saldanha 1 (Elandsfontein. Hopefield),,,,,,,,,,,,,,,ahs,he. he-ahs. ahs,he. he-ahs. ahs,Archaic Homo sapiens,Archaic Homo sapiens,350.0,1208.3333333333333,1250.0,1216.6666666666667
Salé 1,,,,,,,,,,,,,,,he,he,he,Homo erectus,Homo erectus,400.0,908.0,960.0,911.0
Sambungmacan 1 (Sambungmachan 1),,,,,,,,,,,,,,,he,he. hs,he. hs,Homo erectus,Homo erectus,500.0,1056.3333333333333,,1056.3333333333333
San Teodoro 1,,,,,69.6922491137462,11500.0,,,,,,,,,hs,hs,hs,Homo sapiens,Homo sapiens,11.0,1565.0,,1565.0
San Teodoro 2,,,,,,,,,,,,,,,hs,hs,hs,Homo sapiens,Homo sapiens,11.0,1569.0,,1569.0
San Teodoro 3,,,,,67.2009786390972,11500.0,,,,,,,,,hs,hs,hs,Homo sapiens,Homo sapiens,11.0,1560.0,,1560.0
San Teodoro 4,,,,,72.7232948579024,11500.0,,,,,,,,,,,,,,,,,
San Teodoro 5,,,,,,,,,,,,,,,hs,hs,hs,Homo sapiens,Homo sapiens,11.0,1484.0,,1484.0
San Teodoro 7 (ST7),,,,,,,,,,,,,,,hs,hs,hs,Homo sapiens,Homo sapiens,12.0,1500.0,,1500.0
San Teodoro I,,,,,,,Homo sapiens,AMH (Pleistocene),197.0,143.0,136.0,67.0,103.0,135.0,,,,,,,,,
San Teodoro II,,,,,,,Homo sapiens,AMH (Pleistocene),192.0,143.0,144.0,66.0,95.0,135.0,,,,,,,,,
San Teodoro III,,,,,,,Homo sapiens,AMH (Pleistocene),195.0,149.0,134.0,73.0,90.0,141.0,,,,,,,,,
Sangiran 10 (Pithecanthropus V. VI; Homo erectus V. VI)(S10),,,,,,,,,,,,,,,he,he. pe,he. pe,Homo erectus,Homo erectus,850.0,868.6,,868.6
Sangiran 12 (Pithecanthropus VII. Homo erectus VII) (S12),,,,,,,,,,,,,,,he,he. pe,he. pe,Homo erectus,Homo erectus,900.0,951.0,,951.0
Sangiran 17,Homo erectus,76.1 ,1020 ,800000.0,,,Homo erectus,Extinct Homo,206.0,110.0,150.0,82.0,118.0,150.0,,,,,,,,,
Sangiran 17 (Pithecanthropus VIII. Homo erectus VIII)(S17),,,,,,,,,,,,,,,he,he. pe,he. pe,Homo erectus,Homo erectus,900.0,1020.0,,1020.0
Sangiran 2 (Pithecanthropus II. Homo erectus II) (S2),,,,,,,,,,,,,,,he,he. pe,he. pe,Homo erectus,Homo erectus,900.0,792.5714285714286,,792.5714285714286
Sangiran 3 (adult) (Pithecanthropus III. Homo erectus III)(S3),,,,,,,,,,,,,,,he,he. pe,he. pe,Homo erectus,Homo erectus,900.0,900.0,,900.0
Sangiran 3 (juv) (Pithecanthropus III. Homo erectus III) (S3),,,,,,,,,,,,,,,he,he. pe,he. pe,Homo erectus,Homo erectus,900.0,890.0,,890.0
Sangiran 31 (S 31),,,,,,,,,,,,,,,he,he,he,Homo erectus,Homo erectus,1660.0,1000.0,,1000.0
Sangiran 4 (Pithecanthropus IV) (Homo erectus IV) (S4),,,,,,,,,,,,,,,he,he. pr,he. pr,Homo erectus,Homo erectus,1000.0,856.0,,856.0
Sangiran 9 (Pithecanthropus IX),,,,,,,,,,,,,,,he,he,he,Homo erectus,Homo erectus,1200.0,856.0,,856.0
Shanidar 1,,,,,75.6297770783262,60000.0,,,,,,,,,n,n,n,Neandertal,Neandertal,50.0,1650.0,,1650.0
Shanidar 3,,,,,79.2421192665672,60000.0,,,,,,,,,,,,,,,,,
Shanidar 4,,,,,66.9103304170548,60000.0,,,,,,,,,,,,,,,,,
Shanidar 5,,,,,67.7407539086045,60000.0,,,,,,,,,n,n,n,Neandertal,Neandertal,50.0,1550.0,,1550.0
Shanidar 6,,,,,47.6860265876804,60000.0,,,,,,,,,,,,,,,,,
Shanidar I,,,,,,,Homo neanderthalensis,Extinct Homo,207.0,135.0,154.0,86.0,117.1,140.0,,,,,,,,,
Singa 1,,,,,,,,,,,,,,,n,n. hs,n. hs,Neandertal,Neandertal,150.0,1550.0,,1550.0
Skhul 2,,,,,,,,,,,,,,,hs,n. n-hs. hs,n. n-hs. hs,Homo sapiens,Homo sapiens,90.0,1300.0,,1300.0
Skhul 4,,,,,65.6646951797304,60000.0,,,,,,,,,hs,n. n-hs. hs,n. n-hs. hs,Homo sapiens,Homo sapiens,90.0,1554.5,,1554.5
Skhul 5,,,,,89.6224129109378,60000.0,,,,,,,,,hs,n. n-hs. hs,n. n-hs. hs,Homo sapiens,Homo sapiens,90.0,1499.5,,1499.5
Skhul 6,,,,,76.1695523478335,60000.0,,,,,,,,,,,,,,,,,
Skhul 6 (possible confusion with Skhul 9),,,,,,,,,,,,,,,hs,n . n-hs. hs,n . n-hs. hs,Homo sapiens,Homo sapiens,90.0,1585.0,,1585.0
Skhul 7,,,,,59.7271672151504,60000.0,,,,,,,,,,,,,,,,,
Skhul 9,,,,,70.3565879069859,60000.0,,,,,,,,,hs,n. n-hs. hs,n. n-hs. hs,Homo sapiens,Homo sapiens,90.0,1587.3333333333333,,1587.3333333333333
Solo 1 . Ngandong 1,,,,,,,,,,,,,,,he,he. he-n,he. he-n,Homo erectus,Homo erectus,200.0,1121.4285714285713,,1121.4285714285713
Solo 10. Ngandong X. Ngandong 11,,,,,,,,,,,,,,,he,he. he-n,he. he-n,Homo erectus,Homo erectus,200.0,1143.0,,1143.0
Solo 10. Ngandong X. Ngandong 12,,,,,,,,,,,,,,,he,he. he-n,he. he-n,Homo erectus,Homo erectus,200.0,1075.0,,1075.0
Solo 5. Ngandong V. Ngangdong 6,,,,,,,,,,,,,,,he,he. he-n,he. he-n,Homo erectus,Homo erectus,200.0,1266.1666666666667,,1266.1666666666667
Solo 6. Ngandong VI. Ngandong 7,,,,,,,,,,,,,,,he,he. he-n,he. he-n,Homo erectus,Homo erectus,200.0,1115.7142857142858,,1115.7142857142858
Solo 9. Ngandong IX. Ngandong 10,,,,,,,,,,,,,,,he,he. he-n,he. he-n,Homo erectus,Homo erectus,200.0,1135.0,,1135.0
Spy 1,,,,,58.0663202320511,60000.0,,,,,,,,,n,n,n,Neandertal,Neandertal,50.0,1471.75,,1471.75
Spy 1 (or Spy 2 ?),,,,,,,,,,,,,,,n,n,n,Neandertal,Neandertal,50.0,1429.0,,1429.0
Spy 2,,,,,66.2044704492377,60000.0,,,,,,,,,n,n,n,Neandertal,Neandertal,50.0,1526.3333333333333,,1526.3333333333333
Spy 2 (or Spy 1 ?),,,,,,,,,,,,,,,n,n,n,Neandertal,Neandertal,50.0,1429.0,,1429.0
Spy 3,,,,,61.8032259440245,60000.0,,,,,,,,,,,,,,,,,
StW 573,Australopithecus prometheus,40.0 ,408 ,3670000.0,,,Australopithecus prometheus / A. africanus,Australopitecine,151.0,104.0,110.0,87.0,112.0,130.0,,,,,,,,,
Steinheim,Homo heidelbergensis,60.5 ,1121 ,250000.0,,,Homo heidelbergensis,Extinct Homo,185.0,110.0,132.5,74.5,109.0,132.0,,,,,,,,,
Steinheim 1,,,,,,,,,,,,,,,ahs,he-hs. he-n. n. ahs. hs. hhei,he-hs. he-n. n. ahs. hs. hhei,Archaic Homo sapiens,Archaic Homo sapiens,300.0,1109.076923076923,1194.5,1111.1923076923076
Stetten 1,,,,,64.9588352119132,60000.0,,,,,,,,,,,,,,,,,
Sts 41,,,,,40.7519904332408,2600000.0,,,,,,,,,,,,,,,,,
Sts 5,Australopithecus africanus,27.9 ,487 ,2010000.0,,,Australopithecus africanus,Australopitecine,146.0,101.0,98.0,77.0,127.0,126.0,,,,,,,,,
Sts 7,,,,,48.765577126695,2600000.0,,,,,,,,,,,,,,,,,
Sts 71,Australopithecus africanus,26.6 ,460 ,2010000.0,,,Australopithecus africanus,Australopitecine,129.0,88.0,108.0,71.0,100.0,126.0,,,,,,,,,
Sts14,,,,,22.6072371428809,2600000.0,,,,,,,,,,,,,,,,,
Sts34,,,,,43.949120875707,2600000.0,,,,,,,,,,,,,,,,,
Sts73,,,,,41.2917657027481,2600000.0,,,,,,,,,,,,,,,,,
Stw 53,,,,,,,Homo gautengensis / H. habilis s.l.,Extinct Homo,167.0,110.0,108.0,70.0,97.0,130.0,,,early h,Australopithecus robustus,A. robustus,1900.0,460.0,680.0,570.0
Stw102,,,,,31.6173320261946,2750000.0,,,,,,,,,,,,,,,,,
Stw139,,,,,54.5785415675425,2750000.0,,,,,,,,,,,,,,,,,
Stw25,,,,,33.9840389771112,2600000.0,,,,,,,,,,,,,,,,,
Stw300,,,,,42.2882738926077,2600000.0,,,,,,,,,,,,,,,,,
Stw31,,,,,32.3231919940119,2600000.0,,,,,,,,,,,,,,,,,
Stw311,,,,,49.7620853165545,2600000.0,,,,,,,,,,,,,,,,,
Stw328,,,,,34.5238142466184,2600000.0,,,,,,,,,,,,,,,,,
Stw347,,,,,27.7558627904888,2750000.0,,,,,,,,,,,,,,,,,
Stw358,,,,,22.0674618733736,2600000.0,,,,,,,,,,,,,,,,,
Stw389,,,,,51.9627075691611,2600000.0,,,,,,,,,,,,,,,,,
Stw392,,,,,35.7694494839429,2600000.0,,,,,,,,,,,,,,,,,
Stw396,,,,,59.7271672151504,2600000.0,,,,,,,,,,,,,,,,,
Stw431,,,,,55.4089650590922,2600000.0,,,,,,,,,,,,,,,,,
Stw443,,,,,46.6895183978208,2600000.0,,,,,,,,,,,,,,,,,
Stw457a,,,,,43.949120875707,2750000.0,,,,,,,,,,,,,,,,,
Stw463,,,,,24.4341688242902,2750000.0,,,,,,,,,,,,,,,,,
Stw479,,,,,21.9428983496412,2750000.0,,,,,,,,,,,,,,,,,
Stw505 (Mr Ples),,,,,,,,,,,,,,,aa,aa,aa,Australopithecus africanus,A. africanus,2500.0,567.5833333333334,595.15,570.7333333333333
Stw8,,,,,28.2956380599961,2600000.0,,,,,,,,,,,,,,,,,
Stw99,,,,,61.0973659762073,2600000.0,,,,,,,,,,,,,,,,,
Suard 1. La Chaise,,,,,,,,,,,,,,,n,n,n,Neandertal,Neandertal,151.0,1065.0,,1065.0
Subalyuk Cave (child 5-7),,,,,,,,,,,,,,,n,n,n,Neandertal,Neandertal,43.0,1000.0,1100.0,1050.0
Swanscombe 1,,,,,,,,,,,,,,,ahs,he-hs. he-n. n. ahs. hs,he-hs. he-n. n. ahs. hs,Archaic Homo sapiens,Archaic Homo sapiens,300.0,1305.0,,1305.0
THK 1,,,,,,,Homo sapiens,AMH,194.0,141.0,140.0,68.0,99.0,136.0,,,,,,,,,
THK 1058,,,,,,,Homo sapiens,AMH,179.0,134.0,142.0,66.0,100.0,137.0,,,,,,,,,
THK 1299,,,,,,,Homo sapiens,AMH,172.0,126.0,128.0,68.0,89.0,117.0,,,,,,,,,
THK 1742,,,,,,,Homo sapiens,AMH,183.0,143.0,152.0,67.0,102.0,134.0,,,,,,,,,
THK 2,,,,,,,Homo sapiens,AMH,180.0,140.0,139.0,70.0,103.0,125.0,,,,,,,,,
THK 2319,,,,,,,Homo sapiens,AMH,175.0,130.0,129.0,69.0,100.0,131.0,,,,,,,,,
THK 2480,,,,,,,Homo sapiens,AMH,169.0,124.0,135.0,80.0,95.0,120.0,,,,,,,,,
THK 2506,,,,,,,Homo sapiens,AMH,175.0,130.0,144.0,86.0,98.0,129.0,,,,,,,,,
THK 2544,,,,,,,Homo sapiens,AMH,184.0,139.0,144.0,66.0,97.0,131.0,,,,,,,,,
THK 256,,,,,,,Homo sapiens,AMH,183.0,140.0,148.0,76.0,100.0,136.0,,,,,,,,,
THK 2564,,,,,,,Homo sapiens,AMH,164.0,133.0,127.0,77.0,91.0,119.0,,,,,,,,,
THK 266,,,,,,,Homo sapiens,AMH,178.0,138.0,138.0,63.0,105.0,140.0,,,,,,,,,
THK 281,,,,,,,Homo sapiens,AMH,175.0,138.0,135.0,71.0,91.0,130.0,,,,,,,,,
THK 283,,,,,,,Homo sapiens,AMH,189.0,140.0,136.0,62.0,105.0,134.0,,,,,,,,,
THK 287,,,,,,,Homo sapiens,AMH,180.0,134.0,141.0,64.0,95.0,126.0,,,,,,,,,
THK 302,,,,,,,Homo sapiens,AMH,182.5,131.0,129.5,68.5,99.0,129.5,,,,,,,,,
THK 320,,,,,,,Homo sapiens,AMH,176.0,133.0,127.0,66.0,99.0,131.0,,,,,,,,,
THK 3259,,,,,,,Homo sapiens,AMH,181.0,141.0,142.0,70.0,103.0,142.0,,,,,,,,,
THK 3278,,,,,,,Homo sapiens,AMH,175.0,130.0,131.0,62.0,104.0,132.0,,,,,,,,,
THK 3345,,,,,,,Homo sapiens,AMH,179.0,138.0,138.0,74.0,96.0,130.0,,,,,,,,,
THK 349,,,,,,,Homo sapiens,AMH,191.0,142.0,139.0,66.0,104.0,138.0,,,,,,,,,
THK 364,,,,,,,Homo sapiens,AMH,184.0,140.0,141.0,68.0,102.0,135.0,,,,,,,,,
THK 373,,,,,,,Homo sapiens,AMH,168.0,134.0,141.0,63.0,88.0,125.0,,,,,,,,,
THK 376,,,,,,,Homo sapiens,AMH,192.0,133.0,140.0,65.0,96.0,130.0,,,,,,,,,
THK 387,,,,,,,Homo sapiens,AMH,175.5,135.5,137.0,63.5,97.5,121.5,,,,,,,,,
THK 408,,,,,,,Homo sapiens,AMH,177.0,138.0,139.0,65.0,96.0,122.0,,,,,,,,,
THK 423,,,,,,,Homo sapiens,AMH,175.0,129.0,137.0,69.0,97.0,123.0,,,,,,,,,
THK 434,,,,,,,Homo sapiens,AMH,178.0,140.0,142.0,65.0,98.0,134.0,,,,,,,,,
THK 439,,,,,,,Homo sapiens,AMH,173.0,139.0,136.0,63.0,99.0,128.0,,,,,,,,,
THK 478,,,,,,,Homo sapiens,AMH,164.0,127.0,136.0,61.0,85.0,118.0,,,,,,,,,
THK 495,,,,,,,Homo sapiens,AMH,178.0,132.0,130.0,80.0,95.0,124.0,,,,,,,,,
THK 503,,,,,,,Homo sapiens,AMH,177.0,142.0,137.0,84.0,101.0,122.0,,,,,,,,,
THK 542,,,,,,,Homo sapiens,AMH,167.0,121.0,133.0,59.0,88.0,112.0,,,,,,,,,
THK 569,,,,,,,Homo sapiens,AMH,168.0,130.0,132.0,60.0,101.0,121.0,,,,,,,,,
THK 62,,,,,,,Homo sapiens,AMH,176.0,137.0,134.0,70.0,90.0,124.0,,,,,,,,,
THK 633,,,,,,,Homo sapiens,AMH,175.0,132.0,130.0,77.0,94.0,119.0,,,,,,,,,
THK 702,,,,,,,Homo sapiens,AMH,170.0,126.0,130.0,85.0,94.0,120.0,,,,,,,,,
THK1063,,,,,,,Homo sapiens,AMH (juvenile/infant),166.0,137.0,133.0,55.0,87.0,110.0,,,,,,,,,
THK1082,,,,,,,Homo sapiens,AMH (juvenile/infant),164.0,128.0,133.0,56.0,82.0,114.0,,,,,,,,,
THK235,,,,,,,Homo sapiens,AMH (juvenile/infant),175.0,124.0,133.0,52.0,81.0,112.0,,,,,,,,,
THK395,,,,,,,Homo sapiens,AMH (juvenile/infant),169.0,123.0,130.0,60.0,86.0,111.0,,,,,,,,,
THK408,,,,,,,Homo sapiens,AMH (juvenile/infant),177.0,138.0,139.0,65.0,96.0,122.0,,,,,,,,,
THK502,,,,,,,Homo sapiens,AMH (juvenile/infant),164.0,119.0,130.0,47.0,78.0,97.0,,,,,,,,,
THK553,,,,,,,Homo sapiens,AMH (juvenile/infant),164.0,130.0,142.0,56.0,81.0,109.0,,,,,,,,,
THK589,,,,,,,Homo sapiens,AMH (juvenile/infant),162.0,124.0,133.0,51.0,80.0,105.0,,,,,,,,,
THK754,,,,,,,Homo sapiens,AMH (juvenile/infant),165.0,121.0,131.0,53.0,89.0,114.0,,,,,,,,,
TM 266-01-060-1,,,,,,,Sahelanthropus tchadensis,Basal Hominin,173.0,86.0,92.8,75.0,132.8,132.8,,,,,,,,,
TM1511,,,,,,,,,,,,,,,aa,aa,aa,Australopithecus africanus,A. africanus,2000.0,425.0,450.0,437.5
TM1513,,,,,41.1672021790156,1700000.0,,,,,,,,,,,,,,,,,
TM1517,,,,,35.2296742144356,1750000.0,,,,,,,,,,,,,,,,,
TM1517a (Kromdaai B),,,,,,,,,,,,,,,ar,par. ar,par. ar,Australopithecus robustus,A. robustus,2000.0,625.0,,625.0
Tabum 1,,,,,46.8556030961308,100000.0,,,,,,,,,,,,,,,,,
Tabun C1,,,,,,,,,,,,,,,n,n,n,Neandertal,Neandertal,100.0,1270.5,,1270.5
Tagliente I,,,,,57.9002355337411,60000.0,,,,,,,,,,,,,,,,,
Talgai 1,,,,,,,,,,,,,,,hs,hs,hs,Homo sapiens,Homo sapiens,12.0,1335.0,,1335.0
Taung child,,,,,,,,,,,,,,,aa,aa,aa,Australopithecus africanus,A. africanus,2000.0,467.57142857142856,520.0,469.0
Taung child (adult),,,,,,,,,,,,,,,aa,aa,aa,Australopithecus africanus,A. africanus,2000.0,547.5714285714286,285.5,529.5
Taza 1 (f),,,,,,,,,,,,,,,hs,hs,hs,Homo sapiens,Homo sapiens,16.0,1125.0,,1125.0
Tepexpan,,,,,,,,,,,,,,,hs,hs,hs,Homo sapiens,Homo sapiens,10.0,1540.0,,1540.0
Ternifine (Tighenif),,,,,,,,,,,,,,,ahs,ahs,ahs,Archaic Homo sapiens,Archaic Homo sapiens,750.0,1300.0,,1300.0
Teshik-Tash (9 year old) (Teshik-Tash),,,,,,,,,,,,,,,n,n,n,Neandertal,Neandertal,60.0,1495.0,,1495.0
Teshik-Tash (adult),,,,,,,,,,,,,,,n,n,n,Neandertal,Neandertal,60.0,1581.0,,1581.0
Trinil 2 (Pithecanthropus I. Homo erectus I),,,,,,,,,,,,,,,he,he. pe,he. pe,Homo erectus,Homo erectus,900.0,918.7,5.0,874.1
Trinil I,,,,,47.1047301435956,650000.0,,,,,,,,,,,,,,,,,
Trinil II,,,,,44.6134596689467,650000.0,,,,,,,,,,,,,,,,,
Trinil III,,,,,40.2122151637336,650000.0,,,,,,,,,,,,,,,,,
Trinil IV,,,,,44.0736843994394,590000.0,,,,,,,,,,,,,,,,,
Trinil V,,,,,41.0426386552832,650000.0,,,,,,,,,,,,,,,,,
Tuinplass. (Springbok),,,,,,,,,,,,,,,hs,hs,hs,Homo sapiens,Homo sapiens,15.0,1540.0,,1540.0
Tze-Yang,,,,,,,,,,,,,,,hs,hs,hs,Homo sapiens,Homo sapiens,10.0,1210.0,,1210.0
UA 31,,,,,,,,,,,,,,,h,h,h,Homo,Homo,1000.0,750.0,800.0,775.0
USNM 142171,,,,,,,Pongo pygmaeus,P. pygmaeus (juvenile/infant),111.4,86.9,93.1,62.8,99.9,94.8,,,,,,,,,
USNM 143595,,,,,,,Pongo pygmaeus,P. pygmaeus (juvenile/infant),112.0,82.3,90.1,67.1,101.6,96.2,,,,,,,,,
USNM 143599,,,,,,,Pongo pygmaeus,P. pygmaeus (juvenile/infant),110.3,90.9,90.8,65.5,98.1,97.1,,,,,,,,,
USNM 145307,,,,,,,Pongo pygmaeus,P. pygmaeus (juvenile/infant),123.8,87.2,101.7,92.0,147.5,131.8,,,,,,,,,
USNM 153811,,,,,,,Pongo pygmaeus,P. pygmaeus (juvenile/infant),119.5,91.5,99.0,67.2,126.8,119.3,,,,,,,,,
USNM 153824,,,,,,,Pongo pygmaeus,P. pygmaeus (juvenile/infant),117.7,94.0,95.8,84.1,133.2,122.3,,,,,,,,,
USNM 174708,,,,,,,Pan troglodytes,P. troglodytes (juvenile/infant),121.7,81.2,96.5,70.3,102.0,98.4,,,,,,,,,
USNM 174709,,,,,,,Pan troglodytes,P. troglodytes (juvenile/infant),112.2,81.0,90.8,65.4,76.1,92.4,,,,,,,,,
USNM 197665,,,,,,,Pongo pygmaeus,P. pygmaeus (juvenile/infant),118.2,87.7,105.2,60.9,95.1,94.8,,,,,,,,,
USNM 220067,,,,,,,Pan troglodytes,P. troglodytes (juvenile/infant),118.2,85.1,95.9,62.8,88.7,89.6,,,,,,,,,
USNM 220068,,,,,,,Pan troglodytes,P. troglodytes (juvenile/infant),116.0,81.9,93.4,49.0,78.3,86.4,,,,,,,,,
USNM 283737,,,,,,,Pongo pygmaeus,P. pygmaeus (juvenile/infant),106.2,82.4,84.7,63.1,91.8,87.3,,,,,,,,,
USNM 292562,,,,,,,Pongo pygmaeus,P. pygmaeus (juvenile/infant),101.0,84.8,86.7,45.6,76.0,75.4,,,,,,,,,
USNM 396920,,,,,,,Pongo pygmaeus,P. pygmaeus (juvenile/infant),113.3,86.9,94.8,46.6,82.3,76.8,,,,,,,,,
USNM 599169,,,,,,,Gorilla gorilla,G. gorilla (juvenile/infant),130.6,90.0,101.2,67.3,94.7,96.3,,,,,,,,,
Veryier,,,,,69.5261644154362,11500.0,,,,,,,,,,,,,,,,,
Veryier 1,,,,,,,,,,,,,,,hs,hs,hs,Homo sapiens,Homo sapiens,10.0,1430.0,,1430.0
Vértesszöllös 2,,,,,,,,,,,,,,,ahs,he. he-n. n. ahs. hs,he. he-n. n. ahs. hs,Archaic Homo sapiens,Archaic Homo sapiens,186.0,1311.5714285714287,1437.0,1334.5714285714287
WLH 50 (Willandra Lakes hominid 50),,,,,,,,,,,,,,,hs,hs,hs,Homo sapiens,Homo sapiens,15.0,1540.0,,1540.0
WT 15000,Homo ergaster / H. erectus s.l.,53.5 ,880 ,1500000.0,57.6511084862762,1500000.0,Homo ergaster / H. erectus s.l.,Extinct Homo,175.0,101.0,124.0,78.0,118.0,121.6,,,,,,,,,
Wadjak 1,,,,,,,,,,,,,,,hs,hs,hs,Homo sapiens,Homo sapiens,15.0,1539.3333333333333,,1539.3333333333333
Wadjak 2,,,,,,,,,,,,,,,hs,hs,hs,Homo sapiens,Homo sapiens,15.0,1650.0,,1650.0
Yunxian (EV9002 skull II),,,,,,,,,,,,,,,he,he,he,Homo erectus,Homo erectus,350.0,1100.0,,1100.0
Zhouk (XXI) (possible confusion with XII),,,,,,,,,,,,,,,he,he. sin pek,he. sin pek,Homo erectus,Homo erectus,400.0,1030.0,,1030.0
Zhoukoudian (VI) (Sin VI),,,,,,,,,,,,,,,he,he. sin pek,he. sin pek,Homo erectus,Homo erectus,300.0,850.0,,850.0
Zhoukoudian 101 (Up. Cave 1. Shandingdong),,,,,,,,,,,,,,,hs,hs,hs,Homo sapiens,Homo sapiens,27.0,1500.0,,1500.0
Zhoukoudian 102 (Up. Cave 2. Shandingdong),,,,,,,,,,,,,,,hs,hs,hs,Homo sapiens,Homo sapiens,27.0,1380.0,,1380.0
Zhoukoudian 103 (Up. Cave 3. Shandingdong),,,,,,,,,,,,,,,hs,hs,hs,Homo sapiens,Homo sapiens,27.0,1295.0,,1295.0
Zhoukoudian D1 (II) (Sin II),,,,,,,,,,,,,,,he,he. sin pek,he. sin pek,Homo erectus,Homo erectus,400.0,1030.0,,1030.0
Zhoukoudian E1 (III) (juv) (Sin III),,,,,,,,,,,,,,,he,he. sin pek,he. sin pek,Homo erectus,Homo erectus,550.0,937.5,,937.5
Zhoukoudian FelV,,,,,51.1322840776115,440000.0,,,,,,,,,,,,,,,,,
Zhoukoudian H3 (V),,,,,,,,,,,,,,,he,he. sin pek,he. sin pek,Homo erectus,Homo erectus,400.0,1220.0,,1220.0
Zhoukoudian L1 (X) (Sin X),,,,,,,,,,,,,,,he,he. sin pek,he. sin pek,Homo erectus,Homo erectus,400.0,1225.0,,1225.0
Zhoukoudian L2 (XI)(Sin XI),,,,,,,,,,,,,,,he,he. sin pek,he. sin pek,Homo erectus,Homo erectus,400.0,1015.0,,1015.0
Zhoukoudian L3 (XII) (Sin XII),,,,,,,,,,,,,,,he,he. sin pek,he. sin pek,Homo erectus,Homo erectus,400.0,1030.0,,1030.0
stw433,,,,,41.457850401058,2750000.0,,,,,,,,,,,,,,,,,
